This is pdfTeX, Version 3.141592653-2.6-1.40.28 (MiKTeX 25.12) (preloaded format=pdflatex 2026.6.21)  3 SEP 2026 00:04
entering extended mode
 restricted \write18 enabled.
 %&-line parsing enabled.
**"./Template Report PSM.tex"
(Template Report PSM.tex
LaTeX2e <2025-11-01>
L3 programming layer <2025-12-24>
(C:\Users\user\AppData\Local\Programs\MiKTeX\tex/latex/base\article.cls
Document Class: article 2025/01/22 v1.4n Standard LaTeX document class
(C:\Users\user\AppData\Local\Programs\MiKTeX\tex/latex/base\size12.clo
File: size12.clo 2025/01/22 v1.4n Standard LaTeX file (size option)
)
\c@part=\count275
\c@section=\count276
\c@subsection=\count277
\c@subsubsection=\count278
\c@paragraph=\count279
\c@subparagraph=\count280
\c@figure=\count281
\c@table=\count282
\abovecaptionskip=\skip49
\belowcaptionskip=\skip50
\bibindent=\dimen148
)
(C:\Users\user\AppData\Local\Programs\MiKTeX\tex/latex/base\inputenc.sty
Package: inputenc 2024/02/08 v1.3d Input encoding file
\inpenc@prehook=\toks17
\inpenc@posthook=\toks18
)
(C:\Users\user\AppData\Local\Programs\MiKTeX\tex/latex/psnfss\mathptmx.sty
Package: mathptmx 2020/03/25 PSNFSS-v9.3 Times w/ Math, improved (SPQR, WaS) 
LaTeX Font Info:    Redeclaring symbol font `operators' on input line 28.
LaTeX Font Info:    Overwriting symbol font `operators' in version `normal'
(Font)                  OT1/cmr/m/n --> OT1/ztmcm/m/n on input line 28.
LaTeX Font Info:    Overwriting symbol font `operators' in version `bold'
(Font)                  OT1/cmr/bx/n --> OT1/ztmcm/m/n on input line 28.
LaTeX Font Info:    Redeclaring symbol font `letters' on input line 29.
LaTeX Font Info:    Overwriting symbol font `letters' in version `normal'
(Font)                  OML/cmm/m/it --> OML/ztmcm/m/it on input line 29.
LaTeX Font Info:    Overwriting symbol font `letters' in version `bold'
(Font)                  OML/cmm/b/it --> OML/ztmcm/m/it on input line 29.
LaTeX Font Info:    Redeclaring symbol font `symbols' on input line 30.
LaTeX Font Info:    Overwriting symbol font `symbols' in version `normal'
(Font)                  OMS/cmsy/m/n --> OMS/ztmcm/m/n on input line 30.
LaTeX Font Info:    Overwriting symbol font `symbols' in version `bold'
(Font)                  OMS/cmsy/b/n --> OMS/ztmcm/m/n on input line 30.
LaTeX Font Info:    Redeclaring symbol font `largesymbols' on input line 31.
LaTeX Font Info:    Overwriting symbol font `largesymbols' in version `normal'
(Font)                  OMX/cmex/m/n --> OMX/ztmcm/m/n on input line 31.
LaTeX Font Info:    Overwriting symbol font `largesymbols' in version `bold'
(Font)                  OMX/cmex/m/n --> OMX/ztmcm/m/n on input line 31.
\symbold=\mathgroup4
\symitalic=\mathgroup5
LaTeX Font Info:    Redeclaring math alphabet \mathbf on input line 34.
LaTeX Font Info:    Overwriting math alphabet `\mathbf' in version `normal'
(Font)                  OT1/cmr/bx/n --> OT1/ptm/bx/n on input line 34.
LaTeX Font Info:    Overwriting math alphabet `\mathbf' in version `bold'
(Font)                  OT1/cmr/bx/n --> OT1/ptm/bx/n on input line 34.
LaTeX Font Info:    Redeclaring math alphabet \mathit on input line 35.
LaTeX Font Info:    Overwriting math alphabet `\mathit' in version `normal'
(Font)                  OT1/cmr/m/it --> OT1/ptm/m/it on input line 35.
LaTeX Font Info:    Overwriting math alphabet `\mathit' in version `bold'
(Font)                  OT1/cmr/bx/it --> OT1/ptm/m/it on input line 35.
LaTeX Info: Redefining \hbar on input line 50.
)
(C:\Users\user\AppData\Local\Programs\MiKTeX\tex/latex/psnfss\times.sty
Package: times 2020/03/25 PSNFSS-v9.3 (SPQR) 
)
(C:\Users\user\AppData\Local\Programs\MiKTeX\tex/latex/geometry\geometry.sty
Package: geometry 2026/03/07 v6.0 Page Geometry

(C:\Users\user\AppData\Local\Programs\MiKTeX\tex/latex/graphics\keyval.sty
Package: keyval 2022/05/29 v1.15 key=value parser (DPC)
\KV@toks@=\toks19
)
(C:\Users\user\AppData\Local\Programs\MiKTeX\tex/generic/iftex\ifvtex.sty
Package: ifvtex 2019/10/25 v1.7 ifvtex legacy package. Use iftex instead.

(C:\Users\user\AppData\Local\Programs\MiKTeX\tex/generic/iftex\iftex.sty
Package: iftex 2024/12/12 v1.0g TeX engine tests
))
\Gm@cnth=\count283
\Gm@cntv=\count284
\c@Gm@tempcnt=\count285
\Gm@bindingoffset=\dimen149
\Gm@wd@mp=\dimen150
\Gm@odd@mp=\dimen151
\Gm@even@mp=\dimen152
\Gm@layoutwidth=\dimen153
\Gm@layoutheight=\dimen154
\Gm@layouthoffset=\dimen155
\Gm@layoutvoffset=\dimen156
\Gm@dimlist=\toks20

(C:\Users\user\AppData\Local\Programs\MiKTeX\tex/latex/geometry\geometry.cfg))

Package geometry Warning: Over-specification in `h'-direction.
    `width' (597.50787pt) is ignored.


Package geometry Warning: Over-specification in `v'-direction.
    `height' (845.04675pt) is ignored.

(C:\Users\user\AppData\Local\Programs\MiKTeX\tex/latex/fancyhdr\fancyhdr.sty
Package: fancyhdr 2025/02/07 v5.2 Extensive control of page headers and footers

\f@nch@headwidth=\skip51
\f@nch@offset@elh=\skip52
\f@nch@offset@erh=\skip53
\f@nch@offset@olh=\skip54
\f@nch@offset@orh=\skip55
\f@nch@offset@elf=\skip56
\f@nch@offset@erf=\skip57
\f@nch@offset@olf=\skip58
\f@nch@offset@orf=\skip59
\f@nch@height=\skip60
\f@nch@footalignment=\skip61
\f@nch@widthL=\skip62
\f@nch@widthC=\skip63
\f@nch@widthR=\skip64
\@temptokenb=\toks21
)
(C:\Users\user\AppData\Local\Programs\MiKTeX\tex/latex/enumitem\enumitem.sty
Package: enumitem 2025/02/06 v3.11 Customized lists
\labelindent=\skip65
\enit@outerparindent=\dimen157
\enit@toks=\toks22
\enit@inbox=\box53
\enit@count@id=\count286
\enitdp@description=\count287
)
(C:\Users\user\AppData\Local\Programs\MiKTeX\tex/latex/pdfpages\pdfpages.sty
Package: pdfpages 2026/03/30 v0.6h Insert pages of external PDF documents (AM)

(C:\Users\user\AppData\Local\Programs\MiKTeX\tex/latex/base\ifthen.sty
Package: ifthen 2024/03/16 v1.1e Standard LaTeX ifthen package (DPC)
)
(C:\Users\user\AppData\Local\Programs\MiKTeX\tex/latex/tools\calc.sty
Package: calc 2025/03/01 v4.3b Infix arithmetic (KKT,FJ)
\calc@Acount=\count288
\calc@Bcount=\count289
\calc@Adimen=\dimen158
\calc@Bdimen=\dimen159
\calc@Askip=\skip66
\calc@Bskip=\skip67
LaTeX Info: Redefining \setlength on input line 86.
LaTeX Info: Redefining \addtolength on input line 87.
\calc@Ccount=\count290
\calc@Cskip=\skip68
)
(C:\Users\user\AppData\Local\Programs\MiKTeX\tex/latex/eso-pic\eso-pic.sty
Package: eso-pic 2026/05/31 v3.0e eso-pic (RN)
\ESO@tempdima=\dimen160
\ESO@tempdimb=\dimen161

(C:\Users\user\AppData\Local\Programs\MiKTeX\tex/latex/xcolor\xcolor.sty
Package: xcolor 2024/09/29 v3.02 LaTeX color extensions (UK)

(C:\Users\user\AppData\Local\Programs\MiKTeX\tex/latex/graphics-cfg\color.cfg
File: color.cfg 2016/01/02 v1.6 sample color configuration
)
Package xcolor Info: Driver file: pdftex.def on input line 274.

(C:\Users\user\AppData\Local\Programs\MiKTeX\tex/latex/graphics-def\pdftex.def
File: pdftex.def 2025/09/29 v1.2d Graphics/color driver for pdftex
) (C:\Users\user\AppData\Local\Programs\MiKTeX\tex/latex/graphics\mathcolor.ltx
)
Package xcolor Info: Model `cmy' substituted by `cmy0' on input line 1349.
Package xcolor Info: Model `hsb' substituted by `rgb' on input line 1353.
Package xcolor Info: Model `RGB' extended on input line 1365.
Package xcolor Info: Model `HTML' substituted by `rgb' on input line 1367.
Package xcolor Info: Model `Hsb' substituted by `hsb' on input line 1368.
Package xcolor Info: Model `tHsb' substituted by `hsb' on input line 1369.
Package xcolor Info: Model `HSB' substituted by `hsb' on input line 1370.
Package xcolor Info: Model `Gray' substituted by `gray' on input line 1371.
Package xcolor Info: Model `wave' substituted by `hsb' on input line 1372.
)) (C:\Users\user\AppData\Local\Programs\MiKTeX\tex/latex/etoolbox\etoolbox.sty
Package: etoolbox 2025/10/02 v2.5m e-TeX tools for LaTeX (JAW)
\etb@tempcnta=\count291
) (C:\Users\user\AppData\Local\Programs\MiKTeX\tex/latex/graphics\graphicx.sty
Package: graphicx 2024/12/31 v1.2e Enhanced LaTeX Graphics (DPC,SPQR)

(C:\Users\user\AppData\Local\Programs\MiKTeX\tex/latex/graphics\graphics.sty
Package: graphics 2024/08/06 v1.4g Standard LaTeX Graphics (DPC,SPQR)

(C:\Users\user\AppData\Local\Programs\MiKTeX\tex/latex/graphics\trig.sty
Package: trig 2023/12/02 v1.11 sin cos tan (DPC)
)
(C:\Users\user\AppData\Local\Programs\MiKTeX\tex/latex/graphics-cfg\graphics.cf
g
File: graphics.cfg 2016/06/04 v1.11 sample graphics configuration
)
Package graphics Info: Driver file: pdftex.def on input line 106.
)
\Gin@req@height=\dimen162
\Gin@req@width=\dimen163
)
\AM@pagewidth=\dimen164
\AM@pageheight=\dimen165
\AM@fboxrule=\dimen166

(C:\Users\user\AppData\Local\Programs\MiKTeX\tex/latex/pdfpages\pppdftex.def
File: pppdftex.def 2026/03/30 v0.6h Pdfpages driver for pdfTeX (AM)
)
\pdfpages@includegraphics@status=\count292
\AM@pagebox=\box54
\AM@global@opts=\toks23
\AM@pagecnt=\count293
\AM@toc@title=\toks24
\AM@lof@heading=\toks25
\c@AM@survey=\count294
\AM@templatesizebox=\box55
)
(C:\Users\user\AppData\Local\Programs\MiKTeX\tex/latex/ragged2e\ragged2e.sty
Package: ragged2e 2023/06/22 v3.6 ragged2e Package
\CenteringLeftskip=\skip69
\RaggedLeftLeftskip=\skip70
\RaggedRightLeftskip=\skip71
\CenteringRightskip=\skip72
\RaggedLeftRightskip=\skip73
\RaggedRightRightskip=\skip74
\CenteringParfillskip=\skip75
\RaggedLeftParfillskip=\skip76
\RaggedRightParfillskip=\skip77
\JustifyingParfillskip=\skip78
\CenteringParindent=\skip79
\RaggedLeftParindent=\skip80
\RaggedRightParindent=\skip81
\JustifyingParindent=\skip82
)
(C:\Users\user\AppData\Local\Programs\MiKTeX\tex/latex/epstopdf-pkg\epstopdf.st
y
Package: epstopdf 2020-01-24 v2.11 Conversion with epstopdf on the fly (HO)

(C:\Users\user\AppData\Local\Programs\MiKTeX\tex/generic/infwarerr\infwarerr.st
y
Package: infwarerr 2019/12/03 v1.5 Providing info/warning/error messages (HO)
) (C:\Users\user\AppData\Local\Programs\MiKTeX\tex/latex/grfext\grfext.sty
Package: grfext 2019/12/03 v1.3 Manage graphics extensions (HO)

(C:\Users\user\AppData\Local\Programs\MiKTeX\tex/generic/kvdefinekeys\kvdefinek
eys.sty
Package: kvdefinekeys 2019-12-19 v1.6 Define keys (HO)
))
(C:\Users\user\AppData\Local\Programs\MiKTeX\tex/latex/kvoptions\kvoptions.sty
Package: kvoptions 2022-06-15 v3.15 Key value format for package options (HO)

(C:\Users\user\AppData\Local\Programs\MiKTeX\tex/generic/ltxcmds\ltxcmds.sty
Package: ltxcmds 2023-12-04 v1.26 LaTeX kernel commands for general use (HO)
)
(C:\Users\user\AppData\Local\Programs\MiKTeX\tex/latex/kvsetkeys\kvsetkeys.sty
Package: kvsetkeys 2022-10-05 v1.19 Key value parser (HO)
))
(C:\Users\user\AppData\Local\Programs\MiKTeX\tex/generic/pdftexcmds\pdftexcmds.
sty
Package: pdftexcmds 2020-06-27 v0.33 Utility functions of pdfTeX for LuaTeX (HO
)
Package pdftexcmds Info: \pdf@primitive is available.
Package pdftexcmds Info: \pdf@ifprimitive is available.
Package pdftexcmds Info: \pdfdraftmode found.
)
(C:\Users\user\AppData\Local\Programs\MiKTeX\tex/latex/epstopdf-pkg\epstopdf-ba
se.sty
Package: epstopdf-base 2020-01-24 v2.11 Base part for package epstopdf
Package epstopdf-base Info: Redefining graphics rule for `.eps' on input line 4
85.
Package grfext Info: Graphics extension search list:
(grfext)             [.pdf,.png,.jpg,.mps,.jpeg,.jbig2,.jb2,.PDF,.PNG,.JPG,.JPE
G,.JBIG2,.JB2,.eps]
(grfext)             \AppendGraphicsExtensions on input line 504.

(C:\Users\user\AppData\Local\Programs\MiKTeX\tex/latex/00miktex\epstopdf-sys.cf
g
File: epstopdf-sys.cfg 2021/03/18 v2.0 Configuration of epstopdf for MiKTeX
))) (C:\Users\user\AppData\Local\Programs\MiKTeX\tex/latex/caption\caption.sty
Package: caption 2023/08/05 v3.6o Customizing captions (AR)
(C:\Users\user\AppData\Local\Programs\MiKTeX\tex/latex/caption\caption3.sty
Package: caption3 2023/07/31 v2.4d caption3 kernel (AR)
\caption@tempdima=\dimen167
\captionmargin=\dimen168
\caption@leftmargin=\dimen169
\caption@rightmargin=\dimen170
\caption@width=\dimen171
\caption@indent=\dimen172
\caption@parindent=\dimen173
\caption@hangindent=\dimen174
Package caption Info: Standard document class detected.
)
\c@caption@flags=\count295
\c@continuedfloat=\count296
)
(C:\Users\user\AppData\Local\Programs\MiKTeX\tex/latex/caption\subcaption.sty
Package: subcaption 2023/07/28 v1.6b Sub-captions (AR)
Package caption Info: New subtype `subfigure' on input line 238.
\c@subfigure=\count297
Package caption Info: New subtype `subtable' on input line 238.
\c@subtable=\count298
)
(C:\Users\user\AppData\Local\Programs\MiKTeX\tex/latex/tools\array.sty
Package: array 2025/09/25 v2.6n Tabular extension package (FMi)
\col@sep=\dimen175
\ar@mcellbox=\box56
\extrarowheight=\dimen176
\NC@list=\toks26
\extratabsurround=\skip83
\backup@length=\skip84
\ar@cellbox=\box57
)
(C:\Users\user\AppData\Local\Programs\MiKTeX\tex/latex/tools\longtable.sty
Package: longtable 2025-10-13 v4.24 Multi-page Table package (DPC)
\LTleft=\skip85
\LTright=\skip86
\LTpre=\skip87
\LTpost=\skip88
\LTchunksize=\count299
\LTcapwidth=\dimen177
\LT@head=\box58
\LT@firsthead=\box59
\LT@foot=\box60
\LT@lastfoot=\box61
\LT@gbox=\box62
\LT@cols=\count300
\LT@rows=\count301
\c@LT@tables=\count302
\c@LT@chunks=\count303
\LT@p@ftn=\toks27
)
(C:\Users\user\AppData\Local\Programs\MiKTeX\tex/latex/amsmath\amsmath.sty
Package: amsmath 2025/07/09 v2.17z AMS math features
\@mathmargin=\skip89

For additional information on amsmath, use the `?' option.
(C:\Users\user\AppData\Local\Programs\MiKTeX\tex/latex/amsmath\amstext.sty
Package: amstext 2024/11/17 v2.01 AMS text

(C:\Users\user\AppData\Local\Programs\MiKTeX\tex/latex/amsmath\amsgen.sty
File: amsgen.sty 1999/11/30 v2.0 generic functions
\@emptytoks=\toks28
\ex@=\dimen178
))
(C:\Users\user\AppData\Local\Programs\MiKTeX\tex/latex/amsmath\amsbsy.sty
Package: amsbsy 1999/11/29 v1.2d Bold Symbols
\pmbraise@=\dimen179
)
(C:\Users\user\AppData\Local\Programs\MiKTeX\tex/latex/amsmath\amsopn.sty
Package: amsopn 2022/04/08 v2.04 operator names
)
\inf@bad=\count304
LaTeX Info: Redefining \frac on input line 233.
\uproot@=\count305
\leftroot@=\count306
LaTeX Info: Redefining \overline on input line 398.
LaTeX Info: Redefining \colon on input line 409.
\classnum@=\count307
\DOTSCASE@=\count308
LaTeX Info: Redefining \ldots on input line 495.
LaTeX Info: Redefining \dots on input line 498.
LaTeX Info: Redefining \cdots on input line 619.
\Mathstrutbox@=\box63
\strutbox@=\box64
LaTeX Info: Redefining \big on input line 721.
LaTeX Info: Redefining \Big on input line 722.
LaTeX Info: Redefining \bigg on input line 723.
LaTeX Info: Redefining \Bigg on input line 724.
\big@size=\dimen180
LaTeX Font Info:    Redeclaring font encoding OML on input line 742.
LaTeX Font Info:    Redeclaring font encoding OMS on input line 743.
\macc@depth=\count309
LaTeX Info: Redefining \bmod on input line 904.
LaTeX Info: Redefining \pmod on input line 909.
LaTeX Info: Redefining \smash on input line 939.
LaTeX Info: Redefining \relbar on input line 969.
LaTeX Info: Redefining \Relbar on input line 970.
\c@MaxMatrixCols=\count310
\dotsspace@=\muskip17
\c@parentequation=\count311
\dspbrk@lvl=\count312
\tag@help=\toks29
\row@=\count313
\column@=\count314
\maxfields@=\count315
\andhelp@=\toks30
\eqnshift@=\dimen181
\alignsep@=\dimen182
\tagshift@=\dimen183
\tagwidth@=\dimen184
\totwidth@=\dimen185
\lineht@=\dimen186
\@envbody=\toks31
\multlinegap=\skip90
\multlinetaggap=\skip91
\mathdisplay@stack=\toks32
LaTeX Info: Redefining \[ on input line 2950.
LaTeX Info: Redefining \] on input line 2951.
)
(C:\Users\user\AppData\Local\Programs\MiKTeX\tex/latex/amsfonts\amssymb.sty
Package: amssymb 2013/01/14 v3.01 AMS font symbols

(C:\Users\user\AppData\Local\Programs\MiKTeX\tex/latex/amsfonts\amsfonts.sty
Package: amsfonts 2013/01/14 v3.01 Basic AMSFonts support
\symAMSa=\mathgroup6
\symAMSb=\mathgroup7
LaTeX Font Info:    Overwriting math alphabet `\mathfrak' in version `bold'
(Font)                  U/euf/m/n --> U/euf/b/n on input line 106.
))
(C:\Users\user\AppData\Local\Programs\MiKTeX\tex/latex/float\float.sty
Package: float 2001/11/08 v1.3d Float enhancements (AL)
\c@float@type=\count316
\float@exts=\toks33
\float@box=\box65
\@float@everytoks=\toks34
\@floatcapt=\box66
)
(C:\Users\user\AppData\Local\Programs\MiKTeX\tex/latex/tcolorbox\tcolorbox.sty
Package: tcolorbox 2025/11/28 version 6.9.0 text color boxes

(C:\Users\user\AppData\Local\Programs\MiKTeX\tex/latex/pgf/frontendlayer\tikz.s
ty
(C:\Users\user\AppData\Local\Programs\MiKTeX\tex/latex/pgf/basiclayer\pgf.sty
(C:\Users\user\AppData\Local\Programs\MiKTeX\tex/latex/pgf/utilities\pgfrcs.sty

(C:\Users\user\AppData\Local\Programs\MiKTeX\tex/generic/pgf/utilities\pgfutil-
common.tex
\pgfutil@everybye=\toks35
\pgfutil@tempdima=\dimen187
\pgfutil@tempdimb=\dimen188
)
(C:\Users\user\AppData\Local\Programs\MiKTeX\tex/generic/pgf/utilities\pgfutil-
latex.def
\pgfutil@abb=\box67
)
(C:\Users\user\AppData\Local\Programs\MiKTeX\tex/generic/pgf/utilities\pgfrcs.c
ode.tex
(C:\Users\user\AppData\Local\Programs\MiKTeX\tex/generic/pgf\pgf.revision.tex)
Package: pgfrcs 2025-08-29 v3.1.11a (3.1.11a)
))
Package: pgf 2025-08-29 v3.1.11a (3.1.11a)

(C:\Users\user\AppData\Local\Programs\MiKTeX\tex/latex/pgf/basiclayer\pgfcore.s
ty
(C:\Users\user\AppData\Local\Programs\MiKTeX\tex/latex/pgf/systemlayer\pgfsys.s
ty
(C:\Users\user\AppData\Local\Programs\MiKTeX\tex/generic/pgf/systemlayer\pgfsys
.code.tex
Package: pgfsys 2025-08-29 v3.1.11a (3.1.11a)

(C:\Users\user\AppData\Local\Programs\MiKTeX\tex/generic/pgf/utilities\pgfkeys.
code.tex
\pgfkeys@pathtoks=\toks36
\pgfkeys@temptoks=\toks37

(C:\Users\user\AppData\Local\Programs\MiKTeX\tex/generic/pgf/utilities\pgfkeysl
ibraryfiltered.code.tex
\pgfkeys@tmptoks=\toks38
))
\pgf@x=\dimen189
\pgf@y=\dimen190
\pgf@xa=\dimen191
\pgf@ya=\dimen192
\pgf@xb=\dimen193
\pgf@yb=\dimen194
\pgf@xc=\dimen195
\pgf@yc=\dimen196
\pgf@xd=\dimen197
\pgf@yd=\dimen198
\w@pgf@writea=\write3
\r@pgf@reada=\read2
\c@pgf@counta=\count317
\c@pgf@countb=\count318
\c@pgf@countc=\count319
\c@pgf@countd=\count320
\t@pgf@toka=\toks39
\t@pgf@tokb=\toks40
\t@pgf@tokc=\toks41
\pgf@sys@id@count=\count321

(C:\Users\user\AppData\Local\Programs\MiKTeX\tex/generic/pgf/systemlayer\pgf.cf
g
File: pgf.cfg 2025-08-29 v3.1.11a (3.1.11a)
)
Driver file for pgf: pgfsys-pdftex.def

(C:\Users\user\AppData\Local\Programs\MiKTeX\tex/generic/pgf/systemlayer\pgfsys
-pdftex.def
File: pgfsys-pdftex.def 2025-08-29 v3.1.11a (3.1.11a)

(C:\Users\user\AppData\Local\Programs\MiKTeX\tex/generic/pgf/systemlayer\pgfsys
-common-pdf.def
File: pgfsys-common-pdf.def 2025-08-29 v3.1.11a (3.1.11a)
)))
(C:\Users\user\AppData\Local\Programs\MiKTeX\tex/generic/pgf/systemlayer\pgfsys
softpath.code.tex
File: pgfsyssoftpath.code.tex 2025-08-29 v3.1.11a (3.1.11a)
\pgfsyssoftpath@smallbuffer@items=\count322
\pgfsyssoftpath@bigbuffer@items=\count323
)
(C:\Users\user\AppData\Local\Programs\MiKTeX\tex/generic/pgf/systemlayer\pgfsys
protocol.code.tex
File: pgfsysprotocol.code.tex 2025-08-29 v3.1.11a (3.1.11a)
))
(C:\Users\user\AppData\Local\Programs\MiKTeX\tex/generic/pgf/basiclayer\pgfcore
.code.tex
Package: pgfcore 2025-08-29 v3.1.11a (3.1.11a)

(C:\Users\user\AppData\Local\Programs\MiKTeX\tex/generic/pgf/math\pgfmath.code.
tex
(C:\Users\user\AppData\Local\Programs\MiKTeX\tex/generic/pgf/math\pgfmathutil.c
ode.tex)
(C:\Users\user\AppData\Local\Programs\MiKTeX\tex/generic/pgf/math\pgfmathparser
.code.tex
\pgfmath@dimen=\dimen199
\pgfmath@count=\count324
\pgfmath@box=\box68
\pgfmath@toks=\toks42
\pgfmath@stack@operand=\toks43
\pgfmath@stack@operation=\toks44
)
(C:\Users\user\AppData\Local\Programs\MiKTeX\tex/generic/pgf/math\pgfmathfuncti
ons.code.tex)
(C:\Users\user\AppData\Local\Programs\MiKTeX\tex/generic/pgf/math\pgfmathfuncti
ons.basic.code.tex)
(C:\Users\user\AppData\Local\Programs\MiKTeX\tex/generic/pgf/math\pgfmathfuncti
ons.trigonometric.code.tex)
(C:\Users\user\AppData\Local\Programs\MiKTeX\tex/generic/pgf/math\pgfmathfuncti
ons.random.code.tex)
(C:\Users\user\AppData\Local\Programs\MiKTeX\tex/generic/pgf/math\pgfmathfuncti
ons.comparison.code.tex)
(C:\Users\user\AppData\Local\Programs\MiKTeX\tex/generic/pgf/math\pgfmathfuncti
ons.base.code.tex)
(C:\Users\user\AppData\Local\Programs\MiKTeX\tex/generic/pgf/math\pgfmathfuncti
ons.round.code.tex)
(C:\Users\user\AppData\Local\Programs\MiKTeX\tex/generic/pgf/math\pgfmathfuncti
ons.misc.code.tex)
(C:\Users\user\AppData\Local\Programs\MiKTeX\tex/generic/pgf/math\pgfmathfuncti
ons.integerarithmetics.code.tex)
(C:\Users\user\AppData\Local\Programs\MiKTeX\tex/generic/pgf/math\pgfmathcalc.c
ode.tex)
(C:\Users\user\AppData\Local\Programs\MiKTeX\tex/generic/pgf/math\pgfmathfloat.
code.tex
\c@pgfmathroundto@lastzeros=\count325
))
(C:\Users\user\AppData\Local\Programs\MiKTeX\tex/generic/pgf/math\pgfint.code.t
ex)
(C:\Users\user\AppData\Local\Programs\MiKTeX\tex/generic/pgf/basiclayer\pgfcore
points.code.tex
File: pgfcorepoints.code.tex 2025-08-29 v3.1.11a (3.1.11a)
\pgf@picminx=\dimen256
\pgf@picmaxx=\dimen257
\pgf@picminy=\dimen258
\pgf@picmaxy=\dimen259
\pgf@pathminx=\dimen260
\pgf@pathmaxx=\dimen261
\pgf@pathminy=\dimen262
\pgf@pathmaxy=\dimen263
\pgf@xx=\dimen264
\pgf@xy=\dimen265
\pgf@yx=\dimen266
\pgf@yy=\dimen267
\pgf@zx=\dimen268
\pgf@zy=\dimen269
)
(C:\Users\user\AppData\Local\Programs\MiKTeX\tex/generic/pgf/basiclayer\pgfcore
pathconstruct.code.tex
File: pgfcorepathconstruct.code.tex 2025-08-29 v3.1.11a (3.1.11a)
\pgf@path@lastx=\dimen270
\pgf@path@lasty=\dimen271
)
(C:\Users\user\AppData\Local\Programs\MiKTeX\tex/generic/pgf/basiclayer\pgfcore
pathusage.code.tex
File: pgfcorepathusage.code.tex 2025-08-29 v3.1.11a (3.1.11a)
\pgf@shorten@end@additional=\dimen272
\pgf@shorten@start@additional=\dimen273
)
(C:\Users\user\AppData\Local\Programs\MiKTeX\tex/generic/pgf/basiclayer\pgfcore
scopes.code.tex
File: pgfcorescopes.code.tex 2025-08-29 v3.1.11a (3.1.11a)
\pgfpic=\box69
\pgf@hbox=\box70
\pgf@layerbox@main=\box71
\pgf@picture@serial@count=\count326
)
(C:\Users\user\AppData\Local\Programs\MiKTeX\tex/generic/pgf/basiclayer\pgfcore
graphicstate.code.tex
File: pgfcoregraphicstate.code.tex 2025-08-29 v3.1.11a (3.1.11a)
\pgflinewidth=\dimen274
)
(C:\Users\user\AppData\Local\Programs\MiKTeX\tex/generic/pgf/basiclayer\pgfcore
transformations.code.tex
File: pgfcoretransformations.code.tex 2025-08-29 v3.1.11a (3.1.11a)
\pgf@pt@x=\dimen275
\pgf@pt@y=\dimen276
\pgf@pt@temp=\dimen277
)
(C:\Users\user\AppData\Local\Programs\MiKTeX\tex/generic/pgf/basiclayer\pgfcore
quick.code.tex
File: pgfcorequick.code.tex 2025-08-29 v3.1.11a (3.1.11a)
)
(C:\Users\user\AppData\Local\Programs\MiKTeX\tex/generic/pgf/basiclayer\pgfcore
objects.code.tex
File: pgfcoreobjects.code.tex 2025-08-29 v3.1.11a (3.1.11a)
)
(C:\Users\user\AppData\Local\Programs\MiKTeX\tex/generic/pgf/basiclayer\pgfcore
pathprocessing.code.tex
File: pgfcorepathprocessing.code.tex 2025-08-29 v3.1.11a (3.1.11a)
)
(C:\Users\user\AppData\Local\Programs\MiKTeX\tex/generic/pgf/basiclayer\pgfcore
arrows.code.tex
File: pgfcorearrows.code.tex 2025-08-29 v3.1.11a (3.1.11a)
\pgfarrowsep=\dimen278
)
(C:\Users\user\AppData\Local\Programs\MiKTeX\tex/generic/pgf/basiclayer\pgfcore
shade.code.tex
File: pgfcoreshade.code.tex 2025-08-29 v3.1.11a (3.1.11a)
\pgf@max=\dimen279
\pgf@sys@shading@range@num=\count327
\pgf@shadingcount=\count328
)
(C:\Users\user\AppData\Local\Programs\MiKTeX\tex/generic/pgf/basiclayer\pgfcore
image.code.tex
File: pgfcoreimage.code.tex 2025-08-29 v3.1.11a (3.1.11a)
)
(C:\Users\user\AppData\Local\Programs\MiKTeX\tex/generic/pgf/basiclayer\pgfcore
external.code.tex
File: pgfcoreexternal.code.tex 2025-08-29 v3.1.11a (3.1.11a)
\pgfexternal@startupbox=\box72
)
(C:\Users\user\AppData\Local\Programs\MiKTeX\tex/generic/pgf/basiclayer\pgfcore
layers.code.tex
File: pgfcorelayers.code.tex 2025-08-29 v3.1.11a (3.1.11a)
)
(C:\Users\user\AppData\Local\Programs\MiKTeX\tex/generic/pgf/basiclayer\pgfcore
transparency.code.tex
File: pgfcoretransparency.code.tex 2025-08-29 v3.1.11a (3.1.11a)
)
(C:\Users\user\AppData\Local\Programs\MiKTeX\tex/generic/pgf/basiclayer\pgfcore
patterns.code.tex
File: pgfcorepatterns.code.tex 2025-08-29 v3.1.11a (3.1.11a)
)
(C:\Users\user\AppData\Local\Programs\MiKTeX\tex/generic/pgf/basiclayer\pgfcore
rdf.code.tex
File: pgfcorerdf.code.tex 2025-08-29 v3.1.11a (3.1.11a)
)))
(C:\Users\user\AppData\Local\Programs\MiKTeX\tex/generic/pgf/modules\pgfmodules
hapes.code.tex
File: pgfmoduleshapes.code.tex 2025-08-29 v3.1.11a (3.1.11a)
\pgfnodeparttextbox=\box73
)
(C:\Users\user\AppData\Local\Programs\MiKTeX\tex/generic/pgf/modules\pgfmodulep
lot.code.tex
File: pgfmoduleplot.code.tex 2025-08-29 v3.1.11a (3.1.11a)
)
(C:\Users\user\AppData\Local\Programs\MiKTeX\tex/latex/pgf/compatibility\pgfcom
p-version-0-65.sty
Package: pgfcomp-version-0-65 2025-08-29 v3.1.11a (3.1.11a)
\pgf@nodesepstart=\dimen280
\pgf@nodesepend=\dimen281
)
(C:\Users\user\AppData\Local\Programs\MiKTeX\tex/latex/pgf/compatibility\pgfcom
p-version-1-18.sty
Package: pgfcomp-version-1-18 2025-08-29 v3.1.11a (3.1.11a)
))
(C:\Users\user\AppData\Local\Programs\MiKTeX\tex/latex/pgf/utilities\pgffor.sty

(C:\Users\user\AppData\Local\Programs\MiKTeX\tex/latex/pgf/utilities\pgfkeys.st
y
(C:\Users\user\AppData\Local\Programs\MiKTeX\tex/generic/pgf/utilities\pgfkeys.
code.tex))
(C:\Users\user\AppData\Local\Programs\MiKTeX\tex/latex/pgf/math\pgfmath.sty
(C:\Users\user\AppData\Local\Programs\MiKTeX\tex/generic/pgf/math\pgfmath.code.
tex))
(C:\Users\user\AppData\Local\Programs\MiKTeX\tex/generic/pgf/utilities\pgffor.c
ode.tex
Package: pgffor 2025-08-29 v3.1.11a (3.1.11a)
\pgffor@iter=\dimen282
\pgffor@skip=\dimen283
\pgffor@stack=\toks45
\pgffor@toks=\toks46
))
(C:\Users\user\AppData\Local\Programs\MiKTeX\tex/generic/pgf/frontendlayer/tikz
\tikz.code.tex
Package: tikz 2025-08-29 v3.1.11a (3.1.11a)

(C:\Users\user\AppData\Local\Programs\MiKTeX\tex/generic/pgf/libraries\pgflibra
ryplothandlers.code.tex
File: pgflibraryplothandlers.code.tex 2025-08-29 v3.1.11a (3.1.11a)
\pgf@plot@mark@count=\count329
\pgfplotmarksize=\dimen284
)
\tikz@lastx=\dimen285
\tikz@lasty=\dimen286
\tikz@lastxsaved=\dimen287
\tikz@lastysaved=\dimen288
\tikz@lastmovetox=\dimen289
\tikz@lastmovetoy=\dimen290
\tikzleveldistance=\dimen291
\tikzsiblingdistance=\dimen292
\tikz@figbox=\box74
\tikz@figbox@bg=\box75
\tikz@tempbox=\box76
\tikz@tempbox@bg=\box77
\tikztreelevel=\count330
\tikznumberofchildren=\count331
\tikznumberofcurrentchild=\count332
\tikz@fig@count=\count333

(C:\Users\user\AppData\Local\Programs\MiKTeX\tex/generic/pgf/modules\pgfmodulem
atrix.code.tex
File: pgfmodulematrix.code.tex 2025-08-29 v3.1.11a (3.1.11a)
\pgfmatrixcurrentrow=\count334
\pgfmatrixcurrentcolumn=\count335
\pgf@matrix@numberofcolumns=\count336
)
\tikz@expandcount=\count337

(C:\Users\user\AppData\Local\Programs\MiKTeX\tex/generic/pgf/frontendlayer/tikz
/libraries\tikzlibrarytopaths.code.tex
File: tikzlibrarytopaths.code.tex 2025-08-29 v3.1.11a (3.1.11a)
)))
(C:\Users\user\AppData\Local\Programs\MiKTeX\tex/latex/tools\verbatim.sty
Package: verbatim 2024-01-22 v1.5x LaTeX2e package for verbatim enhancements
\every@verbatim=\toks47
\verbatim@line=\toks48
\verbatim@in@stream=\read3
)
(C:\Users\user\AppData\Local\Programs\MiKTeX\tex/latex/environ\environ.sty
Package: environ 2014/05/04 v0.3 A new way to define environments

(C:\Users\user\AppData\Local\Programs\MiKTeX\tex/latex/trimspaces\trimspaces.st
y
Package: trimspaces 2009/09/17 v1.1 Trim spaces around a token list
))
\tcb@titlebox=\box78
\tcb@upperbox=\box79
\tcb@lowerbox=\box80
\tcb@phantombox=\box81
\c@tcbbreakpart=\count338
\c@tcblayer=\count339
\c@tcolorbox@number=\count340
\l__tcobox_tmpa_box=\box82
\l__tcobox_tmpa_dim=\dimen293
\tcb@temp=\box83
\tcb@temp=\box84
\tcb@temp=\box85
\tcb@temp=\box86

(C:\Users\user\AppData\Local\Programs\MiKTeX\tex/latex/tcolorbox\tcbraster.code
.tex
Library (tcolorbox): 'tcbraster.code.tex' version '6.9.0'
\c@tcbrastercolumn=\count341
\c@tcbrasterrow=\count342
\c@tcbrasternum=\count343
\c@tcbraster=\count344
)
(C:\Users\user\AppData\Local\Programs\MiKTeX\tex/latex/tcolorbox\tcbskins.code.
tex
Library (tcolorbox): 'tcbskins.code.tex' version '6.9.0'

(C:\Users\user\AppData\Local\Programs\MiKTeX\tex/latex/tikzfill\tikzfill.image.
sty
Package: tikzfill.image 2026/04/23 v1.2.0 Image filling library for TikZ

(C:\Users\user\AppData\Local\Programs\MiKTeX\tex/latex/tikzfill\tikzlibraryfill
.image.code.tex
File: tikzlibraryfill.image.code.tex 2026/04/23 v1.2.0 Image filling library
\l__tikzfill_tmpa_dim=\dimen294
\l__tikzfill_tmpb_dim=\dimen295
\l__tikzfill_img_box=\box87
))
(C:\Users\user\AppData\Local\Programs\MiKTeX\tex/latex/tcolorbox\tcbskinsjigsaw
.code.tex
Library (tcolorbox): 'tcbskinsjigsaw.code.tex' version '6.9.0'
))
(C:\Users\user\AppData\Local\Programs\MiKTeX\tex/latex/tcolorbox\tcbbreakable.c
ode.tex
Library (tcolorbox): 'tcbbreakable.code.tex' version '6.9.0'
(C:\Users\user\AppData\Local\Programs\MiKTeX\tex/latex/pdfcol\pdfcol.sty
Package: pdfcol 2022-09-21 v1.7 Handle new color stacks for pdfTeX (HO)
)
Package pdfcol Info: New color stack `tcb@breakable' = 1 on input line 23.
\tcb@testbox=\box88
\tcb@totalupperbox=\box89
\tcb@totallowerbox=\box90
)
(C:\Users\user\AppData\Local\Programs\MiKTeX\tex/latex/tcolorbox\tcbhooks.code.
tex
Library (tcolorbox): 'tcbhooks.code.tex' version '6.9.0'
)
(C:\Users\user\AppData\Local\Programs\MiKTeX\tex/latex/tcolorbox\tcbtheorems.co
de.tex
Library (tcolorbox): 'tcbtheorems.code.tex' version '6.9.0'
)
(C:\Users\user\AppData\Local\Programs\MiKTeX\tex/latex/tcolorbox\tcbfitting.cod
e.tex
Library (tcolorbox): 'tcbfitting.code.tex' version '6.9.0'
\tcbfitdim=\dimen296
\tcb@lowerfitdim=\dimen297
\tcb@upperfitdim=\dimen298
\tcb@cur@hbadness=\count345
)
(C:\Users\user\AppData\Local\Programs\MiKTeX\tex/latex/tcolorbox\tcblistingsutf
8.code.tex
Library (tcolorbox): 'tcblistingsutf8.code.tex' version '6.9.0'

(C:\Users\user\AppData\Local\Programs\MiKTeX\tex/latex/tcolorbox\tcblistings.co
de.tex
Library (tcolorbox): 'tcblistings.code.tex' version '6.9.0'
(C:\Users\user\AppData\Local\Programs\MiKTeX\tex/latex/listings\listings.sty
\lst@mode=\count346
\lst@gtempboxa=\box91
\lst@token=\toks49
\lst@length=\count347
\lst@currlwidth=\dimen299
\lst@column=\count348
\lst@pos=\count349
\lst@lostspace=\dimen300
\lst@width=\dimen301
\lst@newlines=\count350
\lst@lineno=\count351
\lst@maxwidth=\dimen302

(C:\Users\user\AppData\Local\Programs\MiKTeX\tex/latex/listings\lstpatch.sty
File: lstpatch.sty 2025/11/14 1.11b (Carsten Heinz)
)
(C:\Users\user\AppData\Local\Programs\MiKTeX\tex/latex/listings\lstmisc.sty
File: lstmisc.sty 2025/11/14 1.11b (Carsten Heinz)
\c@lstnumber=\count352
\lst@skipnumbers=\count353
\lst@framebox=\box92
)
(C:\Users\user\AppData\Local\Programs\MiKTeX\tex/latex/listings\listings.cfg
File: listings.cfg 2025/11/14 1.11b listings configuration
))
Package: listings 2025/11/14 1.11b (Carsten Heinz)

==> First Aid for listings.sty no longer applied!
    Expected:
        2024/09/23 1.10c (Carsten Heinz)
    but found:
        2025/11/14 1.11b (Carsten Heinz)
    so I'm assuming it got fixed.

(C:\Users\user\AppData\Local\Programs\MiKTeX\tex/latex/tcolorbox\tcblistingscor
e.code.tex
Library (tcolorbox): 'tcblistingscore.code.tex' version '6.9.0'

(C:\Users\user\AppData\Local\Programs\MiKTeX\tex/latex/tcolorbox\tcbprocessing.
code.tex
Library (tcolorbox): 'tcbprocessing.code.tex' version '6.9.0'
)
\c@tcblisting=\count354
))
(C:\Users\user\AppData\Local\Programs\MiKTeX\tex/latex/listingsutf8\listingsutf
8.sty
Package: listingsutf8 2019-12-10 v1.5 Allow UTF-8 in listings input (HO)

(C:\Users\user\AppData\Local\Programs\MiKTeX\tex/generic/stringenc\stringenc.st
y
Package: stringenc 2019/11/29 v1.12 Convert strings between diff. encodings (HO
)

(C:\Users\user\AppData\Local\Programs\MiKTeX\tex/generic/pdfescape\pdfescape.st
y
Package: pdfescape 2019/12/09 v1.15 Implements pdfTeX's escape features (HO)
))))
(C:\Users\user\AppData\Local\Programs\MiKTeX\tex/latex/tcolorbox\tcbexternal.co
de.tex
Library (tcolorbox): 'tcbexternal.code.tex' version '6.9.0'
)
(C:\Users\user\AppData\Local\Programs\MiKTeX\tex/latex/tcolorbox\tcbmagazine.co
de.tex
Library (tcolorbox): 'tcbmagazine.code.tex' version '6.9.0'
)
(C:\Users\user\AppData\Local\Programs\MiKTeX\tex/latex/tcolorbox\tcbvignette.co
de.tex
Library (tcolorbox): 'tcbvignette.code.tex' version '6.9.0'

(C:\Users\user\AppData\Local\Programs\MiKTeX\tex/generic/pgf/frontendlayer/tikz
/libraries\tikzlibraryfadings.code.tex
File: tikzlibraryfadings.code.tex 2025-08-29 v3.1.11a (3.1.11a)

(C:\Users\user\AppData\Local\Programs\MiKTeX\tex/generic/pgf/libraries\pgflibra
ryfadings.code.tex
File: pgflibraryfadings.code.tex 2025-08-29 v3.1.11a (3.1.11a)
)))
(C:\Users\user\AppData\Local\Programs\MiKTeX\tex/latex/tcolorbox\tcbposter.code
.tex
Library (tcolorbox): 'tcbposter.code.tex' version '6.9.0'
)) (C:\Users\user\AppData\Local\Programs\MiKTeX\tex/latex/url\url.sty
\Urlmuskip=\muskip18
Package: url 2013/09/16  ver 3.4  Verb mode for urls, etc.
)
(C:\Users\user\AppData\Local\Programs\MiKTeX\tex/latex/morefloats\morefloats.st
y
Package: morefloats 2025/01/28 v1.1a Raise limit of unprocessed floats (HMM)
Package morefloats Info: Maximum number of possible floats asked for: 36
(morefloats)             (i.e. 18 more floats).
(morefloats)             LaTeX might run out of memory before this
(morefloats)             (in which case it will notify you).
)
(C:\Users\user\AppData\Local\Programs\MiKTeX\tex/generic/pgf/frontendlayer/tikz
/libraries\tikzlibraryshapes.code.tex
File: tikzlibraryshapes.code.tex 2025-08-29 v3.1.11a (3.1.11a)

(C:\Users\user\AppData\Local\Programs\MiKTeX\tex/generic/pgf/frontendlayer/tikz
/libraries\tikzlibraryshapes.geometric.code.tex
File: tikzlibraryshapes.geometric.code.tex 2025-08-29 v3.1.11a (3.1.11a)

(C:\Users\user\AppData\Local\Programs\MiKTeX\tex/generic/pgf/libraries/shapes\p
gflibraryshapes.geometric.code.tex
File: pgflibraryshapes.geometric.code.tex 2025-08-29 v3.1.11a (3.1.11a)
))
(C:\Users\user\AppData\Local\Programs\MiKTeX\tex/generic/pgf/frontendlayer/tikz
/libraries\tikzlibraryshapes.misc.code.tex
File: tikzlibraryshapes.misc.code.tex 2025-08-29 v3.1.11a (3.1.11a)

(C:\Users\user\AppData\Local\Programs\MiKTeX\tex/generic/pgf/libraries/shapes\p
gflibraryshapes.misc.code.tex
File: pgflibraryshapes.misc.code.tex 2025-08-29 v3.1.11a (3.1.11a)
))
(C:\Users\user\AppData\Local\Programs\MiKTeX\tex/generic/pgf/frontendlayer/tikz
/libraries\tikzlibraryshapes.symbols.code.tex
File: tikzlibraryshapes.symbols.code.tex 2025-08-29 v3.1.11a (3.1.11a)

(C:\Users\user\AppData\Local\Programs\MiKTeX\tex/generic/pgf/libraries/shapes\p
gflibraryshapes.symbols.code.tex
File: pgflibraryshapes.symbols.code.tex 2025-08-29 v3.1.11a (3.1.11a)
))
(C:\Users\user\AppData\Local\Programs\MiKTeX\tex/generic/pgf/frontendlayer/tikz
/libraries\tikzlibraryshapes.arrows.code.tex
File: tikzlibraryshapes.arrows.code.tex 2025-08-29 v3.1.11a (3.1.11a)

(C:\Users\user\AppData\Local\Programs\MiKTeX\tex/generic/pgf/libraries/shapes\p
gflibraryshapes.arrows.code.tex
File: pgflibraryshapes.arrows.code.tex 2025-08-29 v3.1.11a (3.1.11a)
))
(C:\Users\user\AppData\Local\Programs\MiKTeX\tex/generic/pgf/frontendlayer/tikz
/libraries\tikzlibraryshapes.callouts.code.tex
(C:\Users\user\AppData\Local\Programs\MiKTeX\tex/generic/pgf/libraries/shapes\p
gflibraryshapes.callouts.code.tex))
(C:\Users\user\AppData\Local\Programs\MiKTeX\tex/generic/pgf/frontendlayer/tikz
/libraries\tikzlibraryshapes.multipart.code.tex
File: tikzlibraryshapes.multipart.code.tex 2025-08-29 v3.1.11a (3.1.11a)

(C:\Users\user\AppData\Local\Programs\MiKTeX\tex/generic/pgf/libraries/shapes\p
gflibraryshapes.multipart.code.tex
File: pgflibraryshapes.multipart.code.tex 2025-08-29 v3.1.11a (3.1.11a)
\pgfnodepartlowerbox=\box93
\pgfnodeparttwobox=\box94
\pgfnodepartthreebox=\box95
\pgfnodepartfourbox=\box96
\pgfnodeparttwentybox=\box97
\pgfnodepartnineteenbox=\box98
\pgfnodeparteighteenbox=\box99
\pgfnodepartseventeenbox=\box100
\pgfnodepartsixteenbox=\box101
\pgfnodepartfifteenbox=\box102
\pgfnodepartfourteenbox=\box103
\pgfnodepartthirteenbox=\box104
\pgfnodeparttwelvebox=\box105
\pgfnodepartelevenbox=\box106
\pgfnodeparttenbox=\box107
\pgfnodepartninebox=\box108
\pgfnodeparteightbox=\box109
\pgfnodepartsevenbox=\box110
\pgfnodepartsixbox=\box111
\pgfnodepartfivebox=\box112
)))
(C:\Users\user\AppData\Local\Programs\MiKTeX\tex/generic/pgf/frontendlayer/tikz
/libraries\tikzlibraryarrows.code.tex
File: tikzlibraryarrows.code.tex 2025-08-29 v3.1.11a (3.1.11a)

(C:\Users\user\AppData\Local\Programs\MiKTeX\tex/generic/pgf/libraries\pgflibra
ryarrows.code.tex
File: pgflibraryarrows.code.tex 2025-08-29 v3.1.11a (3.1.11a)
\arrowsize=\dimen303
))
(C:\Users\user\AppData\Local\Programs\MiKTeX\tex/generic/pgf/frontendlayer/tikz
/libraries\tikzlibrarypositioning.code.tex
File: tikzlibrarypositioning.code.tex 2025-08-29 v3.1.11a (3.1.11a)
)
(C:\Users\user\AppData\Local\Programs\MiKTeX\tex/latex/pdflscape\pdflscape.sty
Package: pdflscape 2022-10-27 v0.13 Display of landscape pages in PDF

(C:\Users\user\AppData\Local\Programs\MiKTeX\tex/latex/pdflscape\pdflscape-nome
tadata.sty
Package: pdflscape-nometadata 2022-10-28 v0.13 Display of landscape pages in PD
F (HO)

(C:\Users\user\AppData\Local\Programs\MiKTeX\tex/latex/graphics\lscape.sty
Package: lscape 2020/05/28 v3.02 Landscape Pages (DPC)
)
Package pdflscape Info: Auto-detected driver: pdftex on input line 81.
))
(C:\Users\user\AppData\Local\Programs\MiKTeX\tex/latex/algorithms\algorithm.sty
Package: algorithm 2009/08/24 v0.1 Document Style `algorithm' - floating enviro
nment
\@float@every@algorithm=\toks50
\c@algorithm=\count355
)
(C:\Users\user\AppData\Local\Programs\MiKTeX\tex/latex/algorithmicx\algpseudoco
de.sty
Package: algpseudocode 

(C:\Users\user\AppData\Local\Programs\MiKTeX\tex/latex/algorithmicx\algorithmic
x.sty
Package: algorithmicx 2005/04/27 v1.2 Algorithmicx

Document Style algorithmicx 1.2 - a greatly improved `algorithmic' style
\c@ALG@line=\count356
\c@ALG@rem=\count357
\c@ALG@nested=\count358
\ALG@tlm=\skip92
\ALG@thistlm=\skip93
\c@ALG@Lnr=\count359
\c@ALG@blocknr=\count360
\c@ALG@storecount=\count361
\c@ALG@tmpcounter=\count362
\ALG@tmplength=\skip94
)
Document Style - pseudocode environments for use with the `algorithmicx' style
) (C:\Users\user\AppData\Local\Programs\MiKTeX\tex/latex/tools\indentfirst.sty
Package: indentfirst 2023/07/02 v1.03 Indent first paragraph (DPC)
) (C:\Users\user\AppData\Local\Programs\MiKTeX\tex/latex/setspace\setspace.sty
Package: setspace 2022/12/04 v6.7b set line spacing
)
(C:\Users\user\AppData\Local\Programs\MiKTeX\tex/latex/csquotes\csquotes.sty
Package: csquotes 2026-05-19 v5.2p context-sensitive quotations (JAW)
\csq@reset=\count363
\csq@gtype=\count364
\csq@glevel=\count365
\csq@qlevel=\count366
\csq@maxlvl=\count367
\csq@tshold=\count368
\csq@ltx@everypar=\toks51

(C:\Users\user\AppData\Local\Programs\MiKTeX\tex/latex/csquotes\csquotes.def
File: csquotes.def 2026-05-19 v5.2p csquotes generic definitions (JAW)
)
Package csquotes Info: Trying to load configuration file 'csquotes.cfg'...
Package csquotes Info: ... configuration file loaded successfully.

(C:\Users\user\AppData\Local\Programs\MiKTeX\tex/latex/csquotes\csquotes.cfg
File: csquotes.cfg 
))
(C:\Users\user\AppData\Local\Programs\MiKTeX\tex/latex/colortbl\colortbl.sty
Package: colortbl 2026/05/01 v1.0l Color table columns (DPC)
\everycr=\toks52
\minrowclearance=\skip95
\rownum=\count369
)
(C:\Users\user\AppData\Local\Programs\MiKTeX\tex/latex/titlesec\titlesec.sty
Package: titlesec 2025/01/04 v2.17 Sectioning titles
\ttl@box=\box113
\beforetitleunit=\skip96
\aftertitleunit=\skip97
\ttl@plus=\dimen304
\ttl@minus=\dimen305
\ttl@toksa=\toks53
\titlewidth=\dimen306
\titlewidthlast=\dimen307
\titlewidthfirst=\dimen308
)
(C:\Users\user\AppData\Local\Programs\MiKTeX\tex/latex/sectsty\sectsty.sty
Package: sectsty 2002/02/25 v2.0.2 Commands to change all sectional heading sty
les


LaTeX Warning: Command \underbar  has changed.
               Check if current package is valid.


LaTeX Warning: Command \underline  has changed.
               Check if current package is valid.

)
\c@uidsub=\count370

(C:\Users\user\AppData\Local\Programs\MiKTeX\tex/latex/tocbibind\tocbibind.sty
Package: tocbibind 2026/06/01 v1.5l extra ToC listings
Package tocbibind Info: The document has section divisions on input line 50.


Package tocbibind Note: Using section or other style headings.

) (C:\Users\user\AppData\Local\Programs\MiKTeX\tex/latex/tocloft\tocloft.sty
Package: tocloft 2017/08/31 v2.3i parameterised ToC, etc., typesetting
Package tocloft Info: The document has section divisions on input line 51.
\cftparskip=\skip98
\cftbeforetoctitleskip=\skip99
\cftaftertoctitleskip=\skip100
\cftbeforepartskip=\skip101
\cftpartnumwidth=\skip102
\cftpartindent=\skip103
\cftbeforesecskip=\skip104
\cftsecindent=\skip105
\cftsecnumwidth=\skip106
\cftbeforesubsecskip=\skip107
\cftsubsecindent=\skip108
\cftsubsecnumwidth=\skip109
\cftbeforesubsubsecskip=\skip110
\cftsubsubsecindent=\skip111
\cftsubsubsecnumwidth=\skip112
\cftbeforeparaskip=\skip113
\cftparaindent=\skip114
\cftparanumwidth=\skip115
\cftbeforesubparaskip=\skip116
\cftsubparaindent=\skip117
\cftsubparanumwidth=\skip118
\cftbeforeloftitleskip=\skip119
\cftafterloftitleskip=\skip120
\cftbeforefigskip=\skip121
\cftfigindent=\skip122
\cftfignumwidth=\skip123
\c@lofdepth=\count371
\c@lotdepth=\count372
\cftbeforelottitleskip=\skip124
\cftafterlottitleskip=\skip125
\cftbeforetabskip=\skip126
\cfttabindent=\skip127
\cfttabnumwidth=\skip128
)
(C:\Users\user\AppData\Local\Programs\MiKTeX\tex/latex/appendix\appendix.sty
Package: appendix 2020/02/08 v1.2c extra appendix facilities
\c@@pps=\count373
\c@@ppsavesec=\count374
\c@@ppsaveapp=\count375
)
(C:\Users\user\AppData\Local\Programs\MiKTeX\tex/generic/babel\babel.sty
Package: babel 2025/12/11 v25.17 The multilingual framework for LuaLaTeX, pdfLa
TeX and XeLaTeX
\babel@savecnt=\count376
LaTeX Encoding Info:    Redeclaring text command \ij (encoding OT1) on input li
ne 2068.
LaTeX Encoding Info:    Redeclaring text command \IJ (encoding OT1) on input li
ne 2070.
LaTeX Encoding Info:    Redeclaring text command \ij (encoding T1) on input lin
e 2072.
LaTeX Encoding Info:    Redeclaring text command \IJ (encoding T1) on input lin
e 2073.
LaTeX Encoding Info:    Ignoring declaration for text command \ij (encoding ?) 
on input line 2074.
LaTeX Encoding Info:    Ignoring declaration for text command \IJ (encoding ?) 
on input line 2076.
LaTeX Encoding Info:    Ignoring declaration for text command \SS (encoding ?) 
on input line 2101.
\U@D=\dimen309
\l@unhyphenated=\language79

(C:\Users\user\AppData\Local\Programs\MiKTeX\tex/generic/babel\txtbabel.def)
\bbl@readstream=\read4
\bbl@dirlevel=\count377
Package babel Info: Configuration files are deprecated, as
(babel)             they can break document portability.
(babel)             Reported on input line 4196.

*************************************
* Local config file bblopts.cfg used
*
(C:\Users\user\AppData\Local\Programs\MiKTeX\tex/latex/arabi\bblopts.cfg
File: bblopts.cfg 2005/09/08 v0.1 add Arabic and Farsi to "declared" options of
 babel
)
(C:\Users\user\AppData\Local\Programs\MiKTeX\tex/generic/babel/locale/en\babel-
english.tex)
Package babel Info: Importing font and identification data for english
(babel)             from babel-en.ini. Reported on input line 4320.

(C:\Users\user\AppData\Local\Programs\MiKTeX\tex/latex/babel-english\english.ld
f
Language: english 2017/06/06 v3.3r English support from the babel system
Package babel Info: Hyphen rules for 'canadian' set to \l@english
(babel)             (\language0). Reported on input line 102.
Package babel Info: Hyphen rules for 'australian' set to \l@ukenglish
(babel)             (\language73). Reported on input line 105.
Package babel Info: Hyphen rules for 'newzealand' set to \l@ukenglish
(babel)             (\language73). Reported on input line 108.
))
(C:\Users\user\AppData\Local\Programs\MiKTeX\tex/latex/chngcntr\chngcntr.sty
Package: chngcntr 2018/04/09 v1.1a change counter resetting
Package chngcntr Info: \counterwithout already defined.
(chngcntr)             Quitting chngcntr on input line 21.
)
Package csquotes Info: Checking for multilingual support...
Package csquotes Info: ... found 'babel' package.
Package csquotes Info: Adjusting default style.
Package csquotes Info: Redefining alias 'default' -> 'english'.
LaTeX Font Info:    Trying to load font information for OT1+ptm on input line 3
15.

(C:\Users\user\AppData\Local\Programs\MiKTeX\tex/latex/psnfss\ot1ptm.fd
File: ot1ptm.fd 2001/06/04 font definitions for OT1/ptm.
)
(C:\Users\user\AppData\Local\Programs\MiKTeX\tex/latex/l3backend\l3backend-pdft
ex.def
File: l3backend-pdftex.def 2025-10-09 L3 backend support: PDF output (pdfTeX)
\l__color_backend_stack_int=\count378
) (Template Report PSM.aux)
\openout1 = `"Template Report PSM.aux"'.

LaTeX Font Info:    Checking defaults for OML/cmm/m/it on input line 315.
LaTeX Font Info:    ... okay on input line 315.
LaTeX Font Info:    Checking defaults for OMS/cmsy/m/n on input line 315.
LaTeX Font Info:    ... okay on input line 315.
LaTeX Font Info:    Checking defaults for OT1/cmr/m/n on input line 315.
LaTeX Font Info:    ... okay on input line 315.
LaTeX Font Info:    Checking defaults for T1/cmr/m/n on input line 315.
LaTeX Font Info:    ... okay on input line 315.
LaTeX Font Info:    Checking defaults for TS1/cmr/m/n on input line 315.
LaTeX Font Info:    ... okay on input line 315.
LaTeX Font Info:    Checking defaults for OMX/cmex/m/n on input line 315.
LaTeX Font Info:    ... okay on input line 315.
LaTeX Font Info:    Checking defaults for U/cmr/m/n on input line 315.
LaTeX Font Info:    ... okay on input line 315.

*geometry* driver: auto-detecting
*geometry* detected driver: pdftex
*geometry* verbose mode - [ preamble ] result:
* driver: pdftex
* paper: a4paper
* layout: <same size as paper>
* layoutoffset:(h,v)=(0.0pt,0.0pt)
* modes: 
* h-part:(L,W,R)=(99.58464pt, 426.79135pt, 71.13188pt)
* v-part:(T,H,B)=(71.13188pt, 702.78308pt, 71.13188pt)
* \paperwidth=597.50787pt
* \paperheight=845.04684pt
* \textwidth=426.79135pt
* \textheight=702.78308pt
* \oddsidemargin=27.31465pt
* \evensidemargin=27.31465pt
* \topmargin=-38.1381pt
* \headheight=12.0pt
* \headsep=25.0pt
* \topskip=12.0pt
* \footskip=30.0pt
* \marginparwidth=44.0pt
* \marginparsep=10.0pt
* \columnsep=10.0pt
* \skip\footins=10.8pt plus 4.0pt minus 2.0pt
* \hoffset=0.0pt
* \voffset=0.0pt
* \mag=1000
* \@twocolumnfalse
* \@twosidefalse
* \@mparswitchfalse
* \@reversemarginfalse
* (1in=72.27pt=25.4mm, 1cm=28.453pt)


(C:\Users\user\AppData\Local\Programs\MiKTeX\tex/context/base/mkii\supp-pdf.mki
i
[Loading MPS to PDF converter (version 2006.09.02).]
\scratchcounter=\count379
\scratchdimen=\dimen310
\scratchbox=\box114
\nofMPsegments=\count380
\nofMParguments=\count381
\everyMPshowfont=\toks54
\MPscratchCnt=\count382
\MPscratchDim=\dimen311
\MPnumerator=\count383
\makeMPintoPDFobject=\count384
\everyMPtoPDFconversion=\toks55
)
Package caption Info: Begin \AtBeginDocument code.
Package caption Info: float package is loaded.
Package caption Info: listings package is loaded.
Package caption Info: longtable package is loaded.
 (C:\Users\user\AppData\Local\Programs\MiKTeX\tex/latex/caption\ltcaption.sty
Package: ltcaption 2021/01/08 v1.4c longtable captions (AR)
)
Package caption Info: End \AtBeginDocument code.
\c@lstlisting=\count385
*geometry* verbose mode - [ newgeometry ] result:
* driver: pdftex
* paper: a4paper
* layout: <same size as paper>
* layoutoffset:(h,v)=(0.0pt,0.0pt)
* modes: 
* h-part:(L,W,R)=(99.58464pt, 426.79135pt, 71.13188pt)
* v-part:(T,H,B)=(156.49014pt, 588.97206pt, 99.58464pt)
* \paperwidth=597.50787pt
* \paperheight=845.04684pt
* \textwidth=426.79135pt
* \textheight=588.97206pt
* \oddsidemargin=27.31465pt
* \evensidemargin=27.31465pt
* \topmargin=47.22015pt
* \headheight=12.0pt
* \headsep=25.0pt
* \topskip=12.0pt
* \footskip=30.0pt
* \marginparwidth=44.0pt
* \marginparsep=10.0pt
* \columnsep=10.0pt
* \skip\footins=10.8pt plus 4.0pt minus 2.0pt
* \hoffset=0.0pt
* \voffset=0.0pt
* \mag=1000
* \@twocolumnfalse
* \@twosidefalse
* \@mparswitchfalse
* \@reversemarginfalse
* (1in=72.27pt=25.4mm, 1cm=28.453pt)

[1


{C:/Users/user/AppData/Local/MiKTeX/fonts/map/pdftex/pdftex.map}{C:/Users/user/
AppData/Local/Programs/MiKTeX/fonts/enc/dvips/base/8r.enc}] [1

]
LaTeX Font Info:    Trying to load font information for OT1+ztmcm on input line
 371.

(C:\Users\user\AppData\Local\Programs\MiKTeX\tex/latex/psnfss\ot1ztmcm.fd
File: ot1ztmcm.fd 2000/01/03 Fontinst v1.801 font definitions for OT1/ztmcm.
)
LaTeX Font Info:    Trying to load font information for OML+ztmcm on input line
 371.

(C:\Users\user\AppData\Local\Programs\MiKTeX\tex/latex/psnfss\omlztmcm.fd
File: omlztmcm.fd 2000/01/03 Fontinst v1.801 font definitions for OML/ztmcm.
)
LaTeX Font Info:    Trying to load font information for OMS+ztmcm on input line
 371.

(C:\Users\user\AppData\Local\Programs\MiKTeX\tex/latex/psnfss\omsztmcm.fd
File: omsztmcm.fd 2000/01/03 Fontinst v1.801 font definitions for OMS/ztmcm.
)
LaTeX Font Info:    Trying to load font information for OMX+ztmcm on input line
 371.

(C:\Users\user\AppData\Local\Programs\MiKTeX\tex/latex/psnfss\omxztmcm.fd
File: omxztmcm.fd 2000/01/03 Fontinst v1.801 font definitions for OMX/ztmcm.
)
LaTeX Font Info:    Font shape `OT1/ptm/bx/n' in size <12> not available
(Font)              Font shape `OT1/ptm/b/n' tried instead on input line 371.
LaTeX Font Info:    Font shape `OT1/ptm/bx/n' in size <9> not available
(Font)              Font shape `OT1/ptm/b/n' tried instead on input line 371.
LaTeX Font Info:    Font shape `OT1/ptm/bx/n' in size <7> not available
(Font)              Font shape `OT1/ptm/b/n' tried instead on input line 371.


Package fancyhdr Warning: \headheight is too small (12.0pt): 
(fancyhdr)                Make it at least 14.49998pt, for example:
(fancyhdr)                \setlength{\headheight}{14.49998pt}.
(fancyhdr)                You might also make \topmargin smaller:
(fancyhdr)                \addtolength{\topmargin}{-2.49998pt}.

[2]

Package fancyhdr Warning: \headheight is too small (12.0pt): 
(fancyhdr)                Make it at least 14.49998pt, for example:
(fancyhdr)                \setlength{\headheight}{14.49998pt}.
(fancyhdr)                You might also make \topmargin smaller:
(fancyhdr)                \addtolength{\topmargin}{-2.49998pt}.

[3]

Package fancyhdr Warning: \headheight is too small (12.0pt): 
(fancyhdr)                Make it at least 14.49998pt, for example:
(fancyhdr)                \setlength{\headheight}{14.49998pt}.
(fancyhdr)                You might also make \topmargin smaller:
(fancyhdr)                \addtolength{\topmargin}{-2.49998pt}.

[4]
Underfull \hbox (badness 1412) in paragraph at lines 433--434
\OT1/ptm/m/n/12 de-vel-oped sys-tem was eval-u-ated through struc-tured walk-th
roughs guided by task
 []


Underfull \hbox (badness 1038) in paragraph at lines 433--434
\OT1/ptm/m/n/12 needs of neu-ro-di-ver-gent learn-ers. The out-comes of this pr
oject demon-strate the
 []


Package fancyhdr Warning: \headheight is too small (12.0pt): 
(fancyhdr)                Make it at least 14.49998pt, for example:
(fancyhdr)                \setlength{\headheight}{14.49998pt}.
(fancyhdr)                You might also make \topmargin smaller:
(fancyhdr)                \addtolength{\topmargin}{-2.49998pt}.

[5]
Underfull \hbox (badness 6412) in paragraph at lines 450--451
[]\OT1/ptm/m/n/12 Platform e-pembelajaran tra-di-sional ser-ing di-reka meng-gu
-nakan pen-dekatan
 []


Underfull \hbox (badness 5802) in paragraph at lines 450--451
\OT1/ptm/m/n/12 satu-saiz-untuk-semua, yang menim-bulkan cabaran ke-bole-hca-pa
-ian bagi pela-jar
 []


Underfull \hbox (badness 3977) in paragraph at lines 450--451
\OT1/ptm/m/n/12 neu-ro-di-ver-gen, khusus-nya mereka yang men-galami Dislek-sia
, At-ten-tion Deficit
 []


Underfull \hbox (badness 2326) in paragraph at lines 450--451
\OT1/ptm/m/n/12 Hy-per-ac-tiv-ity Dis-or-der (ADHD), dan Autism Spec-trum Dis-o
r-der (ASD). Sis-tem
 []


Underfull \hbox (badness 1442) in paragraph at lines 450--451
\OT1/ptm/m/n/12 pen-gu-ru-san pem-be-la-jaran se-dia ada ser-ing mem-berikan so
kon-gan ter-had ter-hadap
 []


Underfull \hbox (badness 1331) in paragraph at lines 450--451
\OT1/ptm/m/n/12 berstruk-tur berpan-dukan senario tu-gasan bagi se-tiap pro-fil
 pela-jar, disokong oleh
 []


Underfull \hbox (badness 5622) in paragraph at lines 450--451
\OT1/ptm/m/n/12 pem-be-la-jaran adap-tif dalam satu plat-form, seterus-nya meny
e-di-akan asas bagi
 []


Package fancyhdr Warning: \headheight is too small (12.0pt): 
(fancyhdr)                Make it at least 14.49998pt, for example:
(fancyhdr)                \setlength{\headheight}{14.49998pt}.
(fancyhdr)                You might also make \topmargin smaller:
(fancyhdr)                \addtolength{\topmargin}{-2.49998pt}.

[6] (Template Report PSM.toc

Package fancyhdr Warning: \headheight is too small (12.0pt): 
(fancyhdr)                Make it at least 14.49998pt, for example:
(fancyhdr)                \setlength{\headheight}{14.49998pt}.
(fancyhdr)                You might also make \topmargin smaller:
(fancyhdr)                \addtolength{\topmargin}{-2.49998pt}.

[7]

Package fancyhdr Warning: \headheight is too small (12.0pt): 
(fancyhdr)                Make it at least 14.49998pt, for example:
(fancyhdr)                \setlength{\headheight}{14.49998pt}.
(fancyhdr)                You might also make \topmargin smaller:
(fancyhdr)                \addtolength{\topmargin}{-2.49998pt}.

[8]

Package fancyhdr Warning: \headheight is too small (12.0pt): 
(fancyhdr)                Make it at least 14.49998pt, for example:
(fancyhdr)                \setlength{\headheight}{14.49998pt}.
(fancyhdr)                You might also make \topmargin smaller:
(fancyhdr)                \addtolength{\topmargin}{-2.49998pt}.

[9]

Package fancyhdr Warning: \headheight is too small (12.0pt): 
(fancyhdr)                Make it at least 14.49998pt, for example:
(fancyhdr)                \setlength{\headheight}{14.49998pt}.
(fancyhdr)                You might also make \topmargin smaller:
(fancyhdr)                \addtolength{\topmargin}{-2.49998pt}.

[10])
\tf@toc=\write4
\openout4 = `"Template Report PSM.toc"'.



Package fancyhdr Warning: \headheight is too small (12.0pt): 
(fancyhdr)                Make it at least 14.49998pt, for example:
(fancyhdr)                \setlength{\headheight}{14.49998pt}.
(fancyhdr)                You might also make \topmargin smaller:
(fancyhdr)                \addtolength{\topmargin}{-2.49998pt}.

[11] (Template Report PSM.lot

Package fancyhdr Warning: \headheight is too small (12.0pt): 
(fancyhdr)                Make it at least 14.49998pt, for example:
(fancyhdr)                \setlength{\headheight}{14.49998pt}.
(fancyhdr)                You might also make \topmargin smaller:
(fancyhdr)                \addtolength{\topmargin}{-2.49998pt}.

[12]

Package fancyhdr Warning: \headheight is too small (12.0pt): 
(fancyhdr)                Make it at least 14.49998pt, for example:
(fancyhdr)                \setlength{\headheight}{14.49998pt}.
(fancyhdr)                You might also make \topmargin smaller:
(fancyhdr)                \addtolength{\topmargin}{-2.49998pt}.

[13])
\tf@lot=\write5
\openout5 = `"Template Report PSM.lot"'.



Package fancyhdr Warning: \headheight is too small (12.0pt): 
(fancyhdr)                Make it at least 14.49998pt, for example:
(fancyhdr)                \setlength{\headheight}{14.49998pt}.
(fancyhdr)                You might also make \topmargin smaller:
(fancyhdr)                \addtolength{\topmargin}{-2.49998pt}.

[14] (Template Report PSM.lof

Package fancyhdr Warning: \headheight is too small (12.0pt): 
(fancyhdr)                Make it at least 14.49998pt, for example:
(fancyhdr)                \setlength{\headheight}{14.49998pt}.
(fancyhdr)                You might also make \topmargin smaller:
(fancyhdr)                \addtolength{\topmargin}{-2.49998pt}.

[15])
\tf@lof=\write6
\openout6 = `"Template Report PSM.lof"'.



Package fancyhdr Warning: \headheight is too small (12.0pt): 
(fancyhdr)                Make it at least 14.49998pt, for example:
(fancyhdr)                \setlength{\headheight}{14.49998pt}.
(fancyhdr)                You might also make \topmargin smaller:
(fancyhdr)                \addtolength{\topmargin}{-2.49998pt}.

[16]

Package fancyhdr Warning: \headheight is too small (12.0pt): 
(fancyhdr)                Make it at least 14.49998pt, for example:
(fancyhdr)                \setlength{\headheight}{14.49998pt}.
(fancyhdr)                You might also make \topmargin smaller:
(fancyhdr)                \addtolength{\topmargin}{-2.49998pt}.

[17]
Overfull \vbox (30.7164pt too high) has occurred while \output is active []



Package fancyhdr Warning: \headheight is too small (12.0pt): 
(fancyhdr)                Make it at least 14.49998pt, for example:
(fancyhdr)                \setlength{\headheight}{14.49998pt}.
(fancyhdr)                You might also make \topmargin smaller:
(fancyhdr)                \addtolength{\topmargin}{-2.49998pt}.

[18]

Package fancyhdr Warning: \headheight is too small (12.0pt): 
(fancyhdr)                Make it at least 14.49998pt, for example:
(fancyhdr)                \setlength{\headheight}{14.49998pt}.
(fancyhdr)                You might also make \topmargin smaller:
(fancyhdr)                \addtolength{\topmargin}{-2.49998pt}.

[19]
Underfull \hbox (badness 2326) in paragraph at lines 556--557
\OT1/ptm/m/n/12 Deficit Hy-per-ac-tiv-ity Dis-or-der (ADHD), and Autism Spec-tr
um Dis-or-der (ASD).
 []


Underfull \hbox (badness 1622) in paragraph at lines 560--561
\OT1/ptm/m/n/12 re-quire-ments of the user. By in-te-grat-ing fea-tures such as
 dy-namic ty-pog-ra-phy
 []

[1

]

Package fancyhdr Warning: \headheight is too small (12.0pt): 
(fancyhdr)                Make it at least 14.49998pt, for example:
(fancyhdr)                \setlength{\headheight}{14.49998pt}.
(fancyhdr)                You might also make \topmargin smaller:
(fancyhdr)                \addtolength{\topmargin}{-2.49998pt}.

[2]
Underfull \hbox (badness 1087) in paragraph at lines 579--580
[]\OT1/ptm/m/n/12 To de-velop a fully func-tional ac-ces-si-ble web-based e-lea
rning plat-form that
 []


Underfull \hbox (badness 1314) in paragraph at lines 579--580
\OT1/ptm/m/n/12 sup-port, ad-justable ac-ces-si-bil-ity dis-play set-tings, str
uc-tured les-son and quiz
 []


Underfull \hbox (badness 1540) in paragraph at lines 579--580
\OT1/ptm/m/n/12 man-age-ment, and role-based user man-age-ment for learn-ers, e
d-u-ca-tors, and
 []

LaTeX Font Info:    Trying to load font information for TS1+ptm on input line 5
90.
(C:\Users\user\AppData\Local\Programs\MiKTeX\tex/latex/psnfss\ts1ptm.fd
File: ts1ptm.fd 2001/06/04 font definitions for TS1/ptm.
)
Underfull \hbox (badness 1137) in paragraph at lines 591--592
[]\OT1/ptm/b/n/12 Educators: \OT1/ptm/m/n/12 The course cre-ators and ad-min-is
-tra-tors who re-quire struc-tured,
 []


Package fancyhdr Warning: \headheight is too small (12.0pt): 
(fancyhdr)                Make it at least 14.49998pt, for example:
(fancyhdr)                \setlength{\headheight}{14.49998pt}.
(fancyhdr)                You might also make \topmargin smaller:
(fancyhdr)                \addtolength{\topmargin}{-2.49998pt}.

[3]
Underfull \hbox (badness 2608) in paragraph at lines 598--599
[]\OT1/ptm/b/n/12 Authentication and Pro-file Mod-ule: \OT1/ptm/m/n/12 Man-ages
 se-cure reg-is-tra-tion, lo-gin,
 []


Underfull \hbox (badness 1533) in paragraph at lines 598--599
\OT1/ptm/m/n/12 role-based ac-cess con-trol for learn-ers, ed-u-ca-tors, and ad
-min-is-tra-tors, email
 []


Underfull \hbox (badness 1303) in paragraph at lines 600--601
\OT1/ptm/m/n/12 courses with chap-ters and mile-stones, writ-ing lessons in a r
ich-text ed-i-tor,
 []


Underfull \hbox (badness 1199) in paragraph at lines 600--601
\OT1/ptm/m/n/12 em-bed-ding video with time-coded ques-tions, de-sign-ing in-te
r-ac-tive ac-tiv-i-ties,
 []


Underfull \hbox (badness 5924) in paragraph at lines 600--601
\OT1/ptm/m/n/12 man-ag-ing les-son ver-sion his-tory, and con-fig-ur-ing quiz, 
cer-tifi-cate, and
 []


Underfull \hbox (badness 1412) in paragraph at lines 601--602
\OT1/ptm/m/n/12 de-rived from WCAG 2.2, W3C COGA guid-ance and the British Dysl
exia
 []


Underfull \hbox (badness 4752) in paragraph at lines 602--603
\OT1/ptm/m/n/12 dy-namic UI al-ter-ations based on ac-ces-si-bil-ity pro-files,
 and per-son-al-ized
 []


Package fancyhdr Warning: \headheight is too small (12.0pt): 
(fancyhdr)                Make it at least 14.49998pt, for example:
(fancyhdr)                \setlength{\headheight}{14.49998pt}.
(fancyhdr)                You might also make \topmargin smaller:
(fancyhdr)                \addtolength{\topmargin}{-2.49998pt}.

[4]
Underfull \hbox (badness 2334) in paragraph at lines 603--604
\OT1/ptm/m/n/12 eval-u-a-tion that trig-gers re-me-dial rec-om-men-da-tions whe
n scores fall be-low
 []


Underfull \hbox (badness 6893) in paragraph at lines 606--607
[]\OT1/ptm/b/n/12 Interactive Con-tent Mod-ule: \OT1/ptm/m/n/12 Sup-ports five 
ac-tiv-ity types (flash-cards,
 []


Underfull \hbox (badness 10000) in paragraph at lines 606--607
\OT1/ptm/m/n/12 con-tent, and an op-tional generative-AI les-son as-sis-tant th
at pro-duces
 []


Package fancyhdr Warning: \headheight is too small (12.0pt): 
(fancyhdr)                Make it at least 14.49998pt, for example:
(fancyhdr)                \setlength{\headheight}{14.49998pt}.
(fancyhdr)                You might also make \topmargin smaller:
(fancyhdr)                \addtolength{\topmargin}{-2.49998pt}.

[5]
Underfull \hbox (badness 1424) in paragraph at lines 615--616
\OT1/ptm/m/n/12 along-side deep an-a-lyt-i-cal in-sights into stu-dent en-gage-
ment. Ul-ti-mately, ACESS
 []


Underfull \hbox (badness 1590) in paragraph at lines 622--623
[]\OT1/ptm/b/n/12 Adaptive Web Ap-pli-ca-tion: \OT1/ptm/m/n/12 A fully func-tio
nal, production-ready learn-ing
 []


Underfull \hbox (badness 2111) in paragraph at lines 622--623
\OT1/ptm/m/n/12 man-age-ment sys-tem ac-ces-si-ble via stan-dard web browsers a
nd ca-pa-ble of
 []


Underfull \hbox (badness 1824) in paragraph at lines 624--625
\OT1/ptm/m/n/12 changes be-fore ap-ply-ing them, and ev-ery value it sets re-ma
ins ad-justable
 []


Package fancyhdr Warning: \headheight is too small (12.0pt): 
(fancyhdr)                Make it at least 14.49998pt, for example:
(fancyhdr)                \setlength{\headheight}{14.49998pt}.
(fancyhdr)                You might also make \topmargin smaller:
(fancyhdr)                \addtolength{\topmargin}{-2.49998pt}.

[6]
Underfull \hbox (badness 3646) in paragraph at lines 626--627
\OT1/ptm/m/n/12 five in-ter-ac-tive ac-tiv-ity builders, in-video ques-tion au-
thor-ing and con-tent
 []


Underfull \hbox (badness 4686) in paragraph at lines 636--637
\OT1/ptm/m/n/12 re-view, ex-am-in-ing ex-ist-ing the-o-ret-i-cal frame-works, a
n-a-lyz-ing cur-rent Learn-ing
 []


Package fancyhdr Warning: \headheight is too small (12.0pt): 
(fancyhdr)                Make it at least 14.49998pt, for example:
(fancyhdr)                \setlength{\headheight}{14.49998pt}.
(fancyhdr)                You might also make \topmargin smaller:
(fancyhdr)                \addtolength{\topmargin}{-2.49998pt}.

[7]

Package fancyhdr Warning: \headheight is too small (12.0pt): 
(fancyhdr)                Make it at least 14.49998pt, for example:
(fancyhdr)                \setlength{\headheight}{14.49998pt}.
(fancyhdr)                You might also make \topmargin smaller:
(fancyhdr)                \addtolength{\topmargin}{-2.49998pt}.

[8] [9]
Underfull \hbox (badness 1168) in paragraph at lines 660--661
\OT1/ptm/m/n/12 ADHD, mo-ti-va-tion can be severely ham-pered by un-struc-tured
 en-vi-ron-ments
 []


Underfull \hbox (badness 1281) in paragraph at lines 660--661
\OT1/ptm/m/n/12 struc-tured, step-by-step pro-gres-sive dis-clo-sure of course 
ma-te-rial to pre-vent
 []

LaTeX Font Info:    Trying to load font information for OT1+pcr on input line 6
67.
(C:\Users\user\AppData\Local\Programs\MiKTeX\tex/latex/psnfss\ot1pcr.fd
File: ot1pcr.fd 2001/06/04 font definitions for OT1/pcr.
)
Underfull \hbox (badness 1917) in paragraph at lines 667--668
[]\OT1/ptm/m/n/12 While UDL pro-vides the ped-a-gog-i-cal frame-work, WCAG 2.2 
(W3C Web
 []


Underfull \hbox (badness 10000) in paragraph at lines 667--668
\OT1/ptm/m/n/12 out against the plat-form, and the pub-lished ac-ces-si-bil-ity
 state-ment at
 []


Package fancyhdr Warning: \headheight is too small (12.0pt): 
(fancyhdr)                Make it at least 14.49998pt, for example:
(fancyhdr)                \setlength{\headheight}{14.49998pt}.
(fancyhdr)                You might also make \topmargin smaller:
(fancyhdr)                \addtolength{\topmargin}{-2.49998pt}.

[10]
Underfull \hbox (badness 1152) in paragraph at lines 669--671
[]\OT1/ptm/m/n/12 Because the bar-ri-ers this project ad-dresses are cog-ni-tiv
e rather than purely
 []


Underfull \hbox (badness 2111) in paragraph at lines 672--673
[]\OT1/ptm/b/n/12 1.4.12 Text Spac-ing (AA): \OT1/ptm/m/n/12 Line height, word 
spac-ing and font size are
 []


Underfull \hbox (badness 1917) in paragraph at lines 673--674
\OT1/ptm/m/n/12 con-fig-ured by an ed-u-ca-tor are dis-played but never en-forc
ed by au-to-matic
 []


Package fancyhdr Warning: \headheight is too small (12.0pt): 
(fancyhdr)                Make it at least 14.49998pt, for example:
(fancyhdr)                \setlength{\headheight}{14.49998pt}.
(fancyhdr)                You might also make \topmargin smaller:
(fancyhdr)                \addtolength{\topmargin}{-2.49998pt}.

[11]
Underfull \hbox (badness 1817) in paragraph at lines 683--685
\OT1/ptm/m/n/12 ex-haus-tion caused by the eye con-stantly dart-ing across a bu
sy screen to parse
 []


Underfull \hbox (badness 1478) in paragraph at lines 687--689
\OT1/ptm/m/n/12 spe-cific ty-po-graph-i-cal ad-just-ments can sig-nif-i-cantly 
im-prove read-ing ve-loc-ity and
 []


Underfull \hbox (badness 1924) in paragraph at lines 687--689
\OT1/ptm/m/n/12 sets the type-face to Atkin-son Hy-per-leg-i-ble (Braille In-st
i-tute of Amer-ica, 2021)
 []


Underfull \hbox (badness 1107) in paragraph at lines 687--689
\OT1/ptm/m/n/12 a read-ing spot-light that dims the para-graphs the learner is 
not cur-rently read-ing
 []


Package fancyhdr Warning: \headheight is too small (12.0pt): 
(fancyhdr)                Make it at least 14.49998pt, for example:
(fancyhdr)                \setlength{\headheight}{14.49998pt}.
(fancyhdr)                You might also make \topmargin smaller:
(fancyhdr)                \addtolength{\topmargin}{-2.49998pt}.

[12]
Underfull \hbox (badness 1509) in paragraph at lines 696--697
[]\OT1/ptm/m/n/12 To jus-tify the de-vel-op-ment of ACESS, an ex-ten-sive eval-
u-a-tion of ex-ist-ing
 []


Underfull \hbox (badness 2990) in paragraph at lines 696--697
\OT1/ptm/m/n/12 (MoodleHQ, 2023b), Can-vas LMS (In-struc-ture, Inc., 2023), Bla
ck-board Learn
 []


Package fancyhdr Warning: \headheight is too small (12.0pt): 
(fancyhdr)                Make it at least 14.49998pt, for example:
(fancyhdr)                \setlength{\headheight}{14.49998pt}.
(fancyhdr)                You might also make \topmargin smaller:
(fancyhdr)                \addtolength{\topmargin}{-2.49998pt}.

[13]
Underfull \hbox (badness 2790) in paragraph at lines 709--710
\OT1/ptm/m/n/12 mod-u-lar ar-chi-tec-ture (MoodleHQ, 2023a). It main-tains an a
c-tive ac-ces-si-bil-ity
 []


Underfull \hbox (badness 1540) in paragraph at lines 709--710
\OT1/ptm/m/n/12 ed-i-tors ship an ac-ces-si-bil-ity checker that flags prob-lem
s such as miss-ing im-age
 []


Package fancyhdr Warning: \headheight is too small (12.0pt): 
(fancyhdr)                Make it at least 14.49998pt, for example:
(fancyhdr)                \setlength{\headheight}{14.49998pt}.
(fancyhdr)                You might also make \topmargin smaller:
(fancyhdr)                \addtolength{\topmargin}{-2.49998pt}.

[14]
Underfull \hbox (badness 1694) in paragraph at lines 711--712
\OT1/ptm/m/n/12 rather than at cog-ni-tive load. A learner can-not se-lect a co
g-ni-tive pro-file that
 []


Underfull \hbox (badness 1237) in paragraph at lines 711--712
\OT1/ptm/m/n/12 third-party blocks that must be in-stalled first. Adap-tive re-
me-di-a-tion is like-wise
 []


Underfull \hbox (badness 1931) in paragraph at lines 719--720
\OT1/ptm/m/n/12 An-thol-ogy Ally, which scores up-loaded course ma-te-ri-als fo
r ac-ces-si-bil-ity, gives
 []


Underfull \hbox (badness 1394) in paragraph at lines 719--720
\OT1/ptm/m/n/12 Black-board also pro-vides a na-tive Achieve-ments tool for bad
ges and cer-tifi-cates
 []


Package fancyhdr Warning: \headheight is too small (12.0pt): 
(fancyhdr)                Make it at least 14.49998pt, for example:
(fancyhdr)                \setlength{\headheight}{14.49998pt}.
(fancyhdr)                You might also make \topmargin smaller:
(fancyhdr)                \addtolength{\topmargin}{-2.49998pt}.

[15]
Underfull \hbox (badness 1092) in paragraph at lines 726--727
\OT1/ptm/m/n/12 Workspace tools rather than in Class-room, and Class-room it-se
lf pro-vides nei-ther
 []


Package fancyhdr Warning: \headheight is too small (12.0pt): 
(fancyhdr)                Make it at least 14.49998pt, for example:
(fancyhdr)                \setlength{\headheight}{14.49998pt}.
(fancyhdr)                You might also make \topmargin smaller:
(fancyhdr)                \addtolength{\topmargin}{-2.49998pt}.

[16]
ignored error: Infinite glue shrinkage found in box being split

Package fancyhdr Warning: \headheight is too small (12.0pt): 
(fancyhdr)                Make it at least 14.49998pt, for example:
(fancyhdr)                \setlength{\headheight}{14.49998pt}.
(fancyhdr)                You might also make \topmargin smaller:
(fancyhdr)                \addtolength{\topmargin}{-2.49998pt}.

[17]

Package fancyhdr Warning: \headheight is too small (12.0pt): 
(fancyhdr)                Make it at least 14.49998pt, for example:
(fancyhdr)                \setlength{\headheight}{14.49998pt}.
(fancyhdr)                You might also make \topmargin smaller:
(fancyhdr)                \addtolength{\topmargin}{-2.49998pt}.

[18]
Underfull \hbox (badness 4254) in paragraph at lines 830--831
\OT1/ptm/m/n/12 was se-lected be-cause it gen-er-ates min-i-mal pro-duc-tion CS
S and en-ables
 []


Underfull \hbox (badness 2343) in paragraph at lines 832--833
\OT1/ptm/m/n/12 was cho-sen for its sim-plic-ity (Meta Plat-forms, Inc., 2023),
 na-tive Re-act
 []


Package fancyhdr Warning: \headheight is too small (12.0pt): 
(fancyhdr)                Make it at least 14.49998pt, for example:
(fancyhdr)                \setlength{\headheight}{14.49998pt}.
(fancyhdr)                You might also make \topmargin smaller:
(fancyhdr)                \addtolength{\topmargin}{-2.49998pt}.

[19]
Underfull \hbox (badness 1603) in paragraph at lines 837--838
[]\OT1/ptm/m/n/12 The ACESS plat-form was de-vel-oped us-ing the \OT1/ptm/b/n/1
2 Ag-ile Scrum \OT1/ptm/m/n/12 method-ol-ogy
 []


Package fancyhdr Warning: \headheight is too small (12.0pt): 
(fancyhdr)                Make it at least 14.49998pt, for example:
(fancyhdr)                \setlength{\headheight}{14.49998pt}.
(fancyhdr)                You might also make \topmargin smaller:
(fancyhdr)                \addtolength{\topmargin}{-2.49998pt}.

[20]
Underfull \hbox (badness 1320) in paragraph at lines 860--861
\OT1/ptm/m/n/12 Stu-dio), ap-plies database mi-gra-tions, re-sets the database 
from scratch, and
 []


Underfull \hbox (badness 1168) in paragraph at lines 862--863
[]\OT1/ptm/b/n/12 Vercel (Ver-cel Inc., 2023b): \OT1/ptm/m/n/12 Hosts the de-pl
oyed Next.js ap-pli-ca-tion, with
 []


Package fancyhdr Warning: \headheight is too small (12.0pt): 
(fancyhdr)                Make it at least 14.49998pt, for example:
(fancyhdr)                \setlength{\headheight}{14.49998pt}.
(fancyhdr)                You might also make \topmargin smaller:
(fancyhdr)                \addtolength{\topmargin}{-2.49998pt}.

[21]
Underfull \hbox (badness 10000) in paragraph at lines 866--867
[]\OT1/ptm/b/n/12 Supabase (Post-greSQL 17) (Su-pabase, 2023; Post-greSQL Globa
l
 []


Underfull \hbox (badness 3690) in paragraph at lines 866--867
\OT1/ptm/m/n/12 au-to-mat-i-cally gen-er-ated REST in-ter-face over the schema 
via Post-gREST
 []


Underfull \hbox (badness 2556) in paragraph at lines 867--868
\OT1/ptm/m/n/12 smooth tran-si-tions while re-spect-ing the user's reduced-moti
on ac-ces-si-bil-ity
 []


Underfull \hbox (badness 1735) in paragraph at lines 868--869
[]\OT1/ptm/b/n/12 Tiptap (Brain-hub, 2024): \OT1/ptm/m/n/12 Head-less rich-text
 ed-i-tor built on Pros-eMir-ror,
 []


Underfull \hbox (badness 10000) in paragraph at lines 869--870
\OT1/ptm/m/n/12 en-gage-ment an-a-lyt-ics and progress vi-su-al-i-sa-tions on t
he ed-u-ca-tor and
 []


Underfull \hbox (badness 2884) in paragraph at lines 872--873
\OT1/ptm/m/n/12 plat-form voice rather than a net-work ser-vice keeps the fea-t
ure avail-able
 []


Package fancyhdr Warning: \headheight is too small (12.0pt): 
(fancyhdr)                Make it at least 14.49998pt, for example:
(fancyhdr)                \setlength{\headheight}{14.49998pt}.
(fancyhdr)                You might also make \topmargin smaller:
(fancyhdr)                \addtolength{\topmargin}{-2.49998pt}.

[22]
Underfull \hbox (badness 1796) in paragraph at lines 887--888
\OT1/ptm/m/n/12 func-tions and static host-ing) and Su-pabase (man-aged Post-gr
eSQL and file
 []


Package fancyhdr Warning: \headheight is too small (12.0pt): 
(fancyhdr)                Make it at least 14.49998pt, for example:
(fancyhdr)                \setlength{\headheight}{14.49998pt}.
(fancyhdr)                You might also make \topmargin smaller:
(fancyhdr)                \addtolength{\topmargin}{-2.49998pt}.

[23]
Underfull \hbox (badness 1199) in paragraph at lines 895--896
[]\OT1/ptm/b/n/12 GitHub Ac-count: \OT1/ptm/m/n/12 Repos-i-tory host-ing for so
urce code ver-sion con-trol and
 []


Underfull \hbox (badness 10000) in paragraph at lines 923--923
[]|\OT1/ptm/m/n/10 User reg-is-tra-tion and lo-gin, role-based
 []


Underfull \hbox (badness 4479) in paragraph at lines 924--924
[]|\OT1/ptm/m/n/10 Row-Level Se-cu-rity poli-cies, stor-age bucket
 []


Underfull \hbox (badness 10000) in paragraph at lines 925--925
[]|\OT1/ptm/m/n/10 Course cre-ation in-ter-face, Tip-tap ed-i-tor
 []


Underfull \hbox (badness 6445) in paragraph at lines 926--926
[]|\OT1/ptm/m/n/10 Course en-roll-ment, les-son viewer, progress
 []


Underfull \hbox (badness 1584) in paragraph at lines 927--927
[]|\OT1/ptm/m/n/10 Recommendation en-gine, ac-ces-si-bil-ity pre-sets,
 []


Package fancyhdr Warning: \headheight is too small (12.0pt): 
(fancyhdr)                Make it at least 14.49998pt, for example:
(fancyhdr)                \setlength{\headheight}{14.49998pt}.
(fancyhdr)                You might also make \topmargin smaller:
(fancyhdr)                \addtolength{\topmargin}{-2.49998pt}.

[24]
LaTeX Font Info:    Font shape `OT1/ptm/bx/n' in size <10> not available
(Font)              Font shape `OT1/ptm/b/n' tried instead on input line 936.
LaTeX Font Info:    Font shape `OT1/ptm/bx/n' in size <7.4> not available
(Font)              Font shape `OT1/ptm/b/n' tried instead on input line 936.
LaTeX Font Info:    Font shape `OT1/ptm/bx/n' in size <6> not available
(Font)              Font shape `OT1/ptm/b/n' tried instead on input line 936.

Underfull \hbox (badness 1776) in paragraph at lines 954--955
\OT1/ptm/m/n/12 plu-g-ins, static con-tent de-liv-ery mod-els, and dense nav-i-
ga-tion hi-er-ar-chies in-duce
 []


Underfull \hbox (badness 5133) in paragraph at lines 954--955
\OT1/ptm/m/n/12 rule-based server logic to pro-vide an eq-ui-table, highly per-
son-al-ized learn-ing
 []


Package fancyhdr Warning: \headheight is too small (12.0pt): 
(fancyhdr)                Make it at least 14.49998pt, for example:
(fancyhdr)                \setlength{\headheight}{14.49998pt}.
(fancyhdr)                You might also make \topmargin smaller:
(fancyhdr)                \addtolength{\topmargin}{-2.49998pt}.

[25]

Package fancyhdr Warning: \headheight is too small (12.0pt): 
(fancyhdr)                Make it at least 14.49998pt, for example:
(fancyhdr)                \setlength{\headheight}{14.49998pt}.
(fancyhdr)                You might also make \topmargin smaller:
(fancyhdr)                \addtolength{\topmargin}{-2.49998pt}.

[26]
Underfull \hbox (badness 1107) in paragraph at lines 968--969
\OT1/ptm/m/n/12 prob-lem anal-y-sis of ex-ist-ing ed-u-ca-tional plat-forms, fo
l-lowed by a com-pre-hen-sive
 []


Underfull \hbox (badness 1867) in paragraph at lines 972--973
\OT1/ptm/m/n/12 Class-room, this sec-tion an-a-lyzes the con-crete op-er-a-tion
al prob-lems that di-rectly
 []


Underfull \hbox (badness 1270) in paragraph at lines 976--977
\OT1/ptm/m/n/12 pro-file, forc-ing neu-ro-di-ver-gent users to seek third-party
 ac-com-mo-da-tions such as
 []

[27]
Underfull \hbox (badness 1584) in paragraph at lines 1014--1015
[]\OT1/ptm/b/n/12 Rigid Ty-pog-ra-phy and Lay-out: \OT1/ptm/m/n/12 Stan-dard LM
S plat-forms use fixed CSS
 []


Underfull \hbox (badness 3690) in paragraph at lines 1014--1015
\OT1/ptm/m/n/12 re-quire spe-cific ty-po-graphic con-di-tions, in-clud-ing in-c
reased let-ter spac-ing
 []


Underfull \hbox (badness 1242) in paragraph at lines 1014--1015
\OT1/ptm/m/n/12 With-out these ad-just-ments, read-ing ve-loc-ity de-creases an
d cog-ni-tive fa-tigue
 []


Underfull \hbox (badness 1810) in paragraph at lines 1015--1016
\OT1/ptm/m/n/12 mes-sages si-mul-ta-ne-ously. For learn-ers with ADHD (Barkley,
 1997), this
 []


Underfull \hbox (badness 1199) in paragraph at lines 1015--1016
\OT1/ptm/m/n/12 multi-stimulus en-vi-ron-ment trig-gers rapid at-ten-tion frag-
men-ta-tion, mak-ing it
 []


Package fancyhdr Warning: \headheight is too small (12.0pt): 
(fancyhdr)                Make it at least 14.49998pt, for example:
(fancyhdr)                \setlength{\headheight}{14.49998pt}.
(fancyhdr)                You might also make \topmargin smaller:
(fancyhdr)                \addtolength{\topmargin}{-2.49998pt}.

[28]
Underfull \hbox (badness 1286) in paragraph at lines 1016--1017
\OT1/ptm/m/n/12 ac-tion. When a learner fails a pre-req-ui-site con-cept, the s
ys-tem does not
 []


Underfull \hbox (badness 1152) in paragraph at lines 1016--1017
\OT1/ptm/m/n/12 au-to-mat-i-cally un-lock re-me-dial con-tent or rec-om-mend re
-vi-sion. This lin-ear
 []


Underfull \hbox (badness 1325) in paragraph at lines 1016--1017
\OT1/ptm/m/n/12 pro-gres-sion model as-sumes uni-form learner readi-ness, which
 is par-tic-u-larly
 []


Package fancyhdr Warning: \headheight is too small (12.0pt): 
(fancyhdr)                Make it at least 14.49998pt, for example:
(fancyhdr)                \setlength{\headheight}{14.49998pt}.
(fancyhdr)                You might also make \topmargin smaller:
(fancyhdr)                \addtolength{\topmargin}{-2.49998pt}.

[29]
Underfull \hbox (badness 1708) in paragraph at lines 1029--1030
[]\OT1/ptm/b/n/12 Assessment Data: \OT1/ptm/m/n/12 Quiz con-fig-u-ra-tions (tim
e lim-its, pass thresh-olds, max
 []


Package fancyhdr Warning: \headheight is too small (12.0pt): 
(fancyhdr)                Make it at least 14.49998pt, for example:
(fancyhdr)                \setlength{\headheight}{14.49998pt}.
(fancyhdr)                You might also make \topmargin smaller:
(fancyhdr)                \addtolength{\topmargin}{-2.49998pt}.

[30]
<Diagram/Figure 3.2 Use Case Diagram for ACESS Platform.png, id=203, 476.78125p
t x 413.545pt>
File: Diagram/Figure 3.2 Use Case Diagram for ACESS Platform.png Graphic file (
type png)
<use Diagram/Figure 3.2 Use Case Diagram for ACESS Platform.png>
Package pdftex.def Info: Diagram/Figure 3.2 Use Case Diagram for ACESS Platform
.png  used on input line 1045.
(pdftex.def)             Requested size: 341.44891pt x 296.16199pt.


Package fancyhdr Warning: \headheight is too small (12.0pt): 
(fancyhdr)                Make it at least 14.49998pt, for example:
(fancyhdr)                \setlength{\headheight}{14.49998pt}.
(fancyhdr)                You might also make \topmargin smaller:
(fancyhdr)                \addtolength{\topmargin}{-2.49998pt}.

[31 <./Diagram/Figure 3.2 Use Case Diagram for ACESS Platform.png>]
ignored error: Infinite glue shrinkage found in box being split

Package fancyhdr Warning: \headheight is too small (12.0pt): 
(fancyhdr)                Make it at least 14.49998pt, for example:
(fancyhdr)                \setlength{\headheight}{14.49998pt}.
(fancyhdr)                You might also make \topmargin smaller:
(fancyhdr)                \addtolength{\topmargin}{-2.49998pt}.

[32]
ignored error: Infinite glue shrinkage found in box being split

Package fancyhdr Warning: \headheight is too small (12.0pt): 
(fancyhdr)                Make it at least 14.49998pt, for example:
(fancyhdr)                \setlength{\headheight}{14.49998pt}.
(fancyhdr)                You might also make \topmargin smaller:
(fancyhdr)                \addtolength{\topmargin}{-2.49998pt}.

[33]

Package fancyhdr Warning: \headheight is too small (12.0pt): 
(fancyhdr)                Make it at least 14.49998pt, for example:
(fancyhdr)                \setlength{\headheight}{14.49998pt}.
(fancyhdr)                You might also make \topmargin smaller:
(fancyhdr)                \addtolength{\topmargin}{-2.49998pt}.

[34]
ignored error: Infinite glue shrinkage found in box being split

Package fancyhdr Warning: \headheight is too small (12.0pt): 
(fancyhdr)                Make it at least 14.49998pt, for example:
(fancyhdr)                \setlength{\headheight}{14.49998pt}.
(fancyhdr)                You might also make \topmargin smaller:
(fancyhdr)                \addtolength{\topmargin}{-2.49998pt}.

[35]
Underfull \hbox (badness 5490) in paragraph at lines 1126--1127
 \OT1/ptm/b/n/12 Ad-min-is-tra-tor Func-tions[] \OT1/ptm/m/n/12 Ta-ble 3.3[] li
sts the func-tional re-quire-ments of the
 []


Package fancyhdr Warning: \headheight is too small (12.0pt): 
(fancyhdr)                Make it at least 14.49998pt, for example:
(fancyhdr)                \setlength{\headheight}{14.49998pt}.
(fancyhdr)                You might also make \topmargin smaller:
(fancyhdr)                \addtolength{\topmargin}{-2.49998pt}.

[36]
ignored error: Infinite glue shrinkage found in box being split

Package fancyhdr Warning: \headheight is too small (12.0pt): 
(fancyhdr)                Make it at least 14.49998pt, for example:
(fancyhdr)                \setlength{\headheight}{14.49998pt}.
(fancyhdr)                You might also make \topmargin smaller:
(fancyhdr)                \addtolength{\topmargin}{-2.49998pt}.

[37]

Package fancyhdr Warning: \headheight is too small (12.0pt): 
(fancyhdr)                Make it at least 14.49998pt, for example:
(fancyhdr)                \setlength{\headheight}{14.49998pt}.
(fancyhdr)                You might also make \topmargin smaller:
(fancyhdr)                \addtolength{\topmargin}{-2.49998pt}.

[38]
Underfull \hbox (badness 1389) in paragraph at lines 1166--1167
[]\OT1/ptm/b/n/12 Concurrency: \OT1/ptm/m/n/12 The man-aged Post-greSQL in-stan
ce uses con-nec-tion pool-ing
 []


Package fancyhdr Warning: \headheight is too small (12.0pt): 
(fancyhdr)                Make it at least 14.49998pt, for example:
(fancyhdr)                \setlength{\headheight}{14.49998pt}.
(fancyhdr)                You might also make \topmargin smaller:
(fancyhdr)                \addtolength{\topmargin}{-2.49998pt}.

[39]
Underfull \hbox (badness 3460) in paragraph at lines 1175--1176
[]\OT1/ptm/b/n/12 Input Han-dling: \OT1/ptm/m/n/12 Rich-text les-son con-tent i
s sani-tised with DOM-Pu-rify
 []


Underfull \hbox (badness 4608) in paragraph at lines 1175--1176
\OT1/ptm/m/n/12 prin-ci-pal cross-site-scripting con-trol. All database ac-cess
 goes through
 []


Underfull \hbox (badness 5147) in paragraph at lines 1175--1176
\OT1/ptm/m/n/12 sec-ond time by \OT1/pcr/m/n/12 CHECK \OT1/ptm/m/n/12 con-strai
nts in the schema. A sin-gle shared
 []


Underfull \hbox (badness 1558) in paragraph at lines 1180--1181
[]\OT1/ptm/b/n/12 WCAG Tar-get: \OT1/ptm/m/n/12 The plat-form \OT1/ptm/m/it/12 
tar-gets \OT1/ptm/b/n/12 WCAG 2.2 Level AA \OT1/ptm/m/n/12 (W3C Web
 []


Underfull \hbox (badness 1400) in paragraph at lines 1181--1182
\OT1/ptm/m/n/12 In-sti-tute of Amer-ica, 2021) and OpenDyslexic (Gon-za-lez, Ab
elardo, 2024)
 []


Package fancyhdr Warning: \headheight is too small (12.0pt): 
(fancyhdr)                Make it at least 14.49998pt, for example:
(fancyhdr)                \setlength{\headheight}{14.49998pt}.
(fancyhdr)                You might also make \topmargin smaller:
(fancyhdr)                \addtolength{\topmargin}{-2.49998pt}.

[40]
Underfull \hbox (badness 1199) in paragraph at lines 1189--1190
[]\OT1/ptm/b/n/12 Consistent Nav-i-ga-tion: \OT1/ptm/m/n/12 The pri-mary nav-i-
ga-tional ar-chi-tec-ture must re-main
 []


Underfull \hbox (badness 1019) in paragraph at lines 1189--1190
\OT1/ptm/m/n/12 struc-turally iden-ti-cal across all mod-ules to en-sure pre-di
ctabil-ity for Autis-tic
 []


Underfull \hbox (badness 1584) in paragraph at lines 1196--1197
[]\OT1/ptm/b/n/12 Backup and Re-pro-ducibil-ity: \OT1/ptm/m/n/12 The hosted Su-
pabase project re-lies on the
 []


Underfull \hbox (badness 10000) in paragraph at lines 1196--1197
\OT1/ptm/m/n/12 be re-built from the repos-i-tory alone. This is ex-er-cised ro
u-tinely
 []


Underfull \hbox (badness 3492) in paragraph at lines 1196--1197
\OT1/ptm/m/n/12 ($\OT1/pcr/m/n/12 npm run db : rebuild$\OT1/ptm/m/n/12 ) and is
 what makes the fig-ures in Chap-ter 4
 []


Package fancyhdr Warning: \headheight is too small (12.0pt): 
(fancyhdr)                Make it at least 14.49998pt, for example:
(fancyhdr)                \setlength{\headheight}{14.49998pt}.
(fancyhdr)                You might also make \topmargin smaller:
(fancyhdr)                \addtolength{\topmargin}{-2.49998pt}.

[41]
Underfull \hbox (badness 1546) in paragraph at lines 1201--1202
[]\OT1/ptm/b/n/12 Modular Ar-chi-tec-ture: \OT1/ptm/m/n/12 The code-base must a
d-here to strict sep-a-ra-tion of
 []


Underfull \hbox (badness 1270) in paragraph at lines 1201--1202
\OT1/ptm/m/n/12 con-cerns, de-cou-pling the data-fetching logic (Server Com-po-
nents) from the
 []


Package fancyhdr Warning: \headheight is too small (12.0pt): 
(fancyhdr)                Make it at least 14.49998pt, for example:
(fancyhdr)                \setlength{\headheight}{14.49998pt}.
(fancyhdr)                You might also make \topmargin smaller:
(fancyhdr)                \addtolength{\topmargin}{-2.49998pt}.

[42]
Underfull \hbox (badness 1796) in paragraph at lines 1212--1213
\OT1/ptm/m/n/12 switch-ing with-out JavaScript re-evaluation, which is es-sen-t
ial for real-time
 []


Underfull \hbox (badness 1852) in paragraph at lines 1214--1215
[]\OT1/ptm/b/n/12 Vercel (Ver-cel Inc., 2023b): \OT1/ptm/m/n/12 Server-less edg
e de-ploy-ment pro-vides global
 []

<Diagram/Figure 3.3 Context Diagram.png, id=244, 733.74126pt x 423.5825pt>
File: Diagram/Figure 3.3 Context Diagram.png Graphic file (type png)
<use Diagram/Figure 3.3 Context Diagram.png>
Package pdftex.def Info: Diagram/Figure 3.3 Context Diagram.png  used on input 
line 1226.
(pdftex.def)             Requested size: 341.44366pt x 197.11247pt.

Package fancyhdr Warning: \headheight is too small (12.0pt): 
(fancyhdr)                Make it at least 14.49998pt, for example:
(fancyhdr)                \setlength{\headheight}{14.49998pt}.
(fancyhdr)                You might also make \topmargin smaller:
(fancyhdr)                \addtolength{\topmargin}{-2.49998pt}.

[43]
<Diagram/Figure 3.4 System Architecture Diagram.png, id=248, 3256.165pt x 3233.
07875pt>
File: Diagram/Figure 3.4 System Architecture Diagram.png Graphic file (type png
)
<use Diagram/Figure 3.4 System Architecture Diagram.png>
Package pdftex.def Info: Diagram/Figure 3.4 System Architecture Diagram.png  us
ed on input line 1246.
(pdftex.def)             Requested size: 341.38573pt x 338.9653pt.


Package fancyhdr Warning: \headheight is too small (12.0pt): 
(fancyhdr)                Make it at least 14.49998pt, for example:
(fancyhdr)                \setlength{\headheight}{14.49998pt}.
(fancyhdr)                You might also make \topmargin smaller:
(fancyhdr)                \addtolength{\topmargin}{-2.49998pt}.

[44 <./Diagram/Figure 3.3 Context Diagram.png>]
Underfull \hbox (badness 1253) in paragraph at lines 1253--1254
\OT1/ptm/m/n/12 fetch-ing se-curely on the server, dras-ti-cally re-duc-ing the
 JavaScript pay-load
 []


Package fancyhdr Warning: \headheight is too small (12.0pt): 
(fancyhdr)                Make it at least 14.49998pt, for example:
(fancyhdr)                \setlength{\headheight}{14.49998pt}.
(fancyhdr)                You might also make \topmargin smaller:
(fancyhdr)                \addtolength{\topmargin}{-2.49998pt}.

[45 <./Diagram/Figure 3.4 System Architecture Diagram.png>]
Underfull \hbox (badness 2717) in paragraph at lines 1255--1256
\OT1/ptm/m/n/12 Post-greSQL 17 database ex-posed over HTTP by Post-gREST (Post-
gREST
 []

<Diagram/Figure 3.5 Deployment Diagram.png, id=257, 2723.17375pt x 3290.2925pt>

File: Diagram/Figure 3.5 Deployment Diagram.png Graphic file (type png)
<use Diagram/Figure 3.5 Deployment Diagram.png>
Package pdftex.def Info: Diagram/Figure 3.5 Deployment Diagram.png  used on inp
ut line 1263.
(pdftex.def)             Requested size: 341.4347pt x 412.5407pt.

Package fancyhdr Warning: \headheight is too small (12.0pt): 
(fancyhdr)                Make it at least 14.49998pt, for example:
(fancyhdr)                \setlength{\headheight}{14.49998pt}.
(fancyhdr)                You might also make \topmargin smaller:
(fancyhdr)                \addtolength{\topmargin}{-2.49998pt}.

[46]

Package fancyhdr Warning: \headheight is too small (12.0pt): 
(fancyhdr)                Make it at least 14.49998pt, for example:
(fancyhdr)                \setlength{\headheight}{14.49998pt}.
(fancyhdr)                You might also make \topmargin smaller:
(fancyhdr)                \addtolength{\topmargin}{-2.49998pt}.

[47 <./Diagram/Figure 3.5 Deployment Diagram.png>]
Underfull \hbox (badness 5077) in paragraph at lines 1270--1271
\OT1/ptm/m/n/12 de-vel-op-ment, com-pris-ing the Post-greSQL database, the au-t
hen-ti-ca-tion ser-vice,
 []


Package fancyhdr Warning: \headheight is too small (12.0pt): 
(fancyhdr)                Make it at least 14.49998pt, for example:
(fancyhdr)                \setlength{\headheight}{14.49998pt}.
(fancyhdr)                You might also make \topmargin smaller:
(fancyhdr)                \addtolength{\topmargin}{-2.49998pt}.

[48]
Underfull \hbox (badness 4621) in paragraph at lines 1288--1289
\OT1/ptm/m/n/12 fol-lowed by a com-pre-hen-sive re-quire-ments anal-y-sis cov-e
r-ing data, func-tional,
 []


Package fancyhdr Warning: \headheight is too small (12.0pt): 
(fancyhdr)                Make it at least 14.49998pt, for example:
(fancyhdr)                \setlength{\headheight}{14.49998pt}.
(fancyhdr)                You might also make \topmargin smaller:
(fancyhdr)                \addtolength{\topmargin}{-2.49998pt}.

[49]
Underfull \hbox (badness 2608) in paragraph at lines 1302--1303
\OT1/ptm/m/n/12 De-tailed De-sign, which cov-ers soft-ware com-po-nents and the
 phys-i-cal database
 []

[50]
<Diagram/Figure 4.1 Student Activity Diagram.png, id=275, 2418.03375pt x 8222.7
2pt>
File: Diagram/Figure 4.1 Student Activity Diagram.png Graphic file (type png)
<use Diagram/Figure 4.1 Student Activity Diagram.png>
Package pdftex.def Info: Diagram/Figure 4.1 Student Activity Diagram.png  used 
on input line 1318.
(pdftex.def)             Requested size: 181.86125pt x 618.43396pt.


Package fancyhdr Warning: \headheight is too small (12.0pt): 
(fancyhdr)                Make it at least 14.49998pt, for example:
(fancyhdr)                \setlength{\headheight}{14.49998pt}.
(fancyhdr)                You might also make \topmargin smaller:
(fancyhdr)                \addtolength{\topmargin}{-2.49998pt}.

[51]

Package fancyhdr Warning: \headheight is too small (12.0pt): 
(fancyhdr)                Make it at least 14.49998pt, for example:
(fancyhdr)                \setlength{\headheight}{14.49998pt}.
(fancyhdr)                You might also make \topmargin smaller:
(fancyhdr)                \addtolength{\topmargin}{-2.49998pt}.

[52 <./Diagram/Figure 4.1 Student Activity Diagram.png>]
<Diagram/Figure 4.2 Educator Activity Diagram.png, id=283, 319.94531pt x 679.78
969pt>
File: Diagram/Figure 4.2 Educator Activity Diagram.png Graphic file (type png)
<use Diagram/Figure 4.2 Educator Activity Diagram.png>
Package pdftex.def Info: Diagram/Figure 4.2 Educator Activity Diagram.png  used
 on input line 1331.
(pdftex.def)             Requested size: 291.09209pt x 618.4851pt.


Package fancyhdr Warning: \headheight is too small (12.0pt): 
(fancyhdr)                Make it at least 14.49998pt, for example:
(fancyhdr)                \setlength{\headheight}{14.49998pt}.
(fancyhdr)                You might also make \topmargin smaller:
(fancyhdr)                \addtolength{\topmargin}{-2.49998pt}.

[53]

Package fancyhdr Warning: \headheight is too small (12.0pt): 
(fancyhdr)                Make it at least 14.49998pt, for example:
(fancyhdr)                \setlength{\headheight}{14.49998pt}.
(fancyhdr)                You might also make \topmargin smaller:
(fancyhdr)                \addtolength{\topmargin}{-2.49998pt}.

[54 <./Diagram/Figure 4.2 Educator Activity Diagram.png>]
<Diagram/Figure 4.3 Administrator Activity Diagram.png, id=292, 1299.35437pt x 
588.69937pt>
File: Diagram/Figure 4.3 Administrator Activity Diagram.png Graphic file (type 
png)
<use Diagram/Figure 4.3 Administrator Activity Diagram.png>
Package pdftex.def Info: Diagram/Figure 4.3 Administrator Activity Diagram.png 
 used on input line 1344.
(pdftex.def)             Requested size: 320.07942pt x 145.0186pt.

Underfull \hbox (badness 4072) in paragraph at lines 1349--1350
 \OT1/ptm/b/n/12 Ad-min-is-tra-tor Ac-tiv-ity Di-a-gram[] \OT1/ptm/m/n/12 The a
d-min-is-tra-tor work-flow (Fig-ure 4.3[]) is
 []


Package fancyhdr Warning: \headheight is too small (12.0pt): 
(fancyhdr)                Make it at least 14.49998pt, for example:
(fancyhdr)                \setlength{\headheight}{14.49998pt}.
(fancyhdr)                You might also make \topmargin smaller:
(fancyhdr)                \addtolength{\topmargin}{-2.49998pt}.

[55 <./Diagram/Figure 4.3 Administrator Activity Diagram.png>]
Underfull \hbox (badness 1184) in paragraph at lines 1351--1352
[]\OT1/ptm/m/n/12 The re-main-ing ad-min-is-tra-tor ac-tiv-i-ties are over-sigh
t rather than mod-er-a-tion:
 []

<Diagram/Figure 4.4 Course Enrollment Sequence Diagram.png, id=297, 598.48593pt
 x 395.22656pt>
File: Diagram/Figure 4.4 Course Enrollment Sequence Diagram.png Graphic file (t
ype png)
<use Diagram/Figure 4.4 Course Enrollment Sequence Diagram.png>
Package pdftex.def Info: Diagram/Figure 4.4 Course Enrollment Sequence Diagram.
png  used on input line 1361.
(pdftex.def)             Requested size: 320.10005pt x 211.38683pt.

Package fancyhdr Warning: \headheight is too small (12.0pt): 
(fancyhdr)                Make it at least 14.49998pt, for example:
(fancyhdr)                \setlength{\headheight}{14.49998pt}.
(fancyhdr)                You might also make \topmargin smaller:
(fancyhdr)                \addtolength{\topmargin}{-2.49998pt}.

[56 <./Diagram/Figure 4.4 Course Enrollment Sequence Diagram.png>]
<Diagram/Figure 4.5 Lesson Learning Sequence Diagram.png, id=302, 531.48563pt x
 464.4853pt>
File: Diagram/Figure 4.5 Lesson Learning Sequence Diagram.png Graphic file (typ
e png)
<use Diagram/Figure 4.5 Lesson Learning Sequence Diagram.png>
Package pdftex.def Info: Diagram/Figure 4.5 Lesson Learning Sequence Diagram.pn
g  used on input line 1380.
(pdftex.def)             Requested size: 320.10219pt x 279.74936pt.


Package fancyhdr Warning: \headheight is too small (12.0pt): 
(fancyhdr)                Make it at least 14.49998pt, for example:
(fancyhdr)                \setlength{\headheight}{14.49998pt}.
(fancyhdr)                You might also make \topmargin smaller:
(fancyhdr)                \addtolength{\topmargin}{-2.49998pt}.

[57 <./Diagram/Figure 4.5 Lesson Learning Sequence Diagram.png>]
<Diagram/Figure 4.6 Quiz Attempt Sequence Diagram.png, id=307, 542.025pt x 414.
04688pt>
File: Diagram/Figure 4.6 Quiz Attempt Sequence Diagram.png Graphic file (type p
ng)
<use Diagram/Figure 4.6 Quiz Attempt Sequence Diagram.png>
Package pdftex.def Info: Diagram/Figure 4.6 Quiz Attempt Sequence Diagram.png  
used on input line 1393.
(pdftex.def)             Requested size: 320.10625pt x 244.5256pt.

Underfull \hbox (badness 1558) in paragraph at lines 1398--1399
\OT1/ptm/m/n/12 security-sensitive in-ter-ac-tion in the sys-tem, and the one w
here the de-sign most
 []


Package fancyhdr Warning: \headheight is too small (12.0pt): 
(fancyhdr)                Make it at least 14.49998pt, for example:
(fancyhdr)                \setlength{\headheight}{14.49998pt}.
(fancyhdr)                You might also make \topmargin smaller:
(fancyhdr)                \addtolength{\topmargin}{-2.49998pt}.

[58 <./Diagram/Figure 4.6 Quiz Attempt Sequence Diagram.png>]
<Diagram/Figure 4.7 Course Creation Sequence Diagram.png, id=312, 538.26094pt x
 614.295pt>
File: Diagram/Figure 4.7 Course Creation Sequence Diagram.png Graphic file (typ
e png)
<use Diagram/Figure 4.7 Course Creation Sequence Diagram.png>
Package pdftex.def Info: Diagram/Figure 4.7 Course Creation Sequence Diagram.pn
g  used on input line 1414.
(pdftex.def)             Requested size: 320.09265pt x 365.30853pt.


Package fancyhdr Warning: \headheight is too small (12.0pt): 
(fancyhdr)                Make it at least 14.49998pt, for example:
(fancyhdr)                \setlength{\headheight}{14.49998pt}.
(fancyhdr)                You might also make \topmargin smaller:
(fancyhdr)                \addtolength{\topmargin}{-2.49998pt}.

[59]
Underfull \hbox (badness 1048) in paragraph at lines 1421--1422
\OT1/ptm/m/n/12 or serve. Through-out this pipeline the au-di-tor re-runs on ev
-ery change, so the
 []


Package fancyhdr Warning: \headheight is too small (12.0pt): 
(fancyhdr)                Make it at least 14.49998pt, for example:
(fancyhdr)                \setlength{\headheight}{14.49998pt}.
(fancyhdr)                You might also make \topmargin smaller:
(fancyhdr)                \addtolength{\topmargin}{-2.49998pt}.

[60 <./Diagram/Figure 4.7 Course Creation Sequence Diagram.png>]
Underfull \hbox (badness 1189) in paragraph at lines 1434--1435
\OT1/ptm/m/n/12 cat-a-logue pre-view, lo-gin, signup, pass-word re-cov-ery, the
 con-tact form, the
 []


Underfull \hbox (badness 1314) in paragraph at lines 1436--1437
\OT1/ptm/m/n/12 In-side a course, a workspace tab bar pro-vides Overview, Lesso
ns, As-sets,
 []


Package fancyhdr Warning: \headheight is too small (12.0pt): 
(fancyhdr)                Make it at least 14.49998pt, for example:
(fancyhdr)                \setlength{\headheight}{14.49998pt}.
(fancyhdr)                You might also make \topmargin smaller:
(fancyhdr)                \addtolength{\topmargin}{-2.49998pt}.

[61]
<Screenshots/dashboard-none.png, id=324, 2890.8pt x 1907.125pt>
File: Screenshots/dashboard-none.png Graphic file (type png)
<use Screenshots/dashboard-none.png>
Package pdftex.def Info: Screenshots/dashboard-none.png  used on input line 144
2.
(pdftex.def)             Requested size: 392.64725pt x 259.02219pt.

Underfull \hbox (badness 5316) in paragraph at lines 1447--1448
\OT1/ptm/m/n/12 ap-plied en-coun-ters it, with its per-sis-tent side-bar, conti
nue-learning card and
 []

<Screenshots/educator-course-workspace.png, id=325, 2890.8pt x 1907.125pt>
File: Screenshots/educator-course-workspace.png Graphic file (type png)
<use Screenshots/educator-course-workspace.png>
Package pdftex.def Info: Screenshots/educator-course-workspace.png  used on inp
ut line 1451.
(pdftex.def)             Requested size: 392.64725pt x 259.02219pt.

Package fancyhdr Warning: \headheight is too small (12.0pt): 
(fancyhdr)                Make it at least 14.49998pt, for example:
(fancyhdr)                \setlength{\headheight}{14.49998pt}.
(fancyhdr)                You might also make \topmargin smaller:
(fancyhdr)                \addtolength{\topmargin}{-2.49998pt}.

[62 <./Screenshots/dashboard-none.png (PNG copy)>]

Package fancyhdr Warning: \headheight is too small (12.0pt): 
(fancyhdr)                Make it at least 14.49998pt, for example:
(fancyhdr)                \setlength{\headheight}{14.49998pt}.
(fancyhdr)                You might also make \topmargin smaller:
(fancyhdr)                \addtolength{\topmargin}{-2.49998pt}.

[63 <./Screenshots/educator-course-workspace.png (PNG copy)>]
ignored error: Infinite glue shrinkage found in box being split

Package fancyhdr Warning: \headheight is too small (12.0pt): 
(fancyhdr)                Make it at least 14.49998pt, for example:
(fancyhdr)                \setlength{\headheight}{14.49998pt}.
(fancyhdr)                You might also make \topmargin smaller:
(fancyhdr)                \addtolength{\topmargin}{-2.49998pt}.

[64]
<Screenshots/a11y-settings-modal.png, id=335, 2890.8pt x 1907.125pt>
File: Screenshots/a11y-settings-modal.png Graphic file (type png)
<use Screenshots/a11y-settings-modal.png>
Package pdftex.def Info: Screenshots/a11y-settings-modal.png  used on input lin
e 1514.
(pdftex.def)             Requested size: 392.64725pt x 259.02219pt.


Package fancyhdr Warning: \headheight is too small (12.0pt): 
(fancyhdr)                Make it at least 14.49998pt, for example:
(fancyhdr)                \setlength{\headheight}{14.49998pt}.
(fancyhdr)                You might also make \topmargin smaller:
(fancyhdr)                \addtolength{\topmargin}{-2.49998pt}.

[65]
<Screenshots/learner-quiz.png, id=340, 2890.8pt x 1907.125pt>
File: Screenshots/learner-quiz.png Graphic file (type png)
<use Screenshots/learner-quiz.png>
Package pdftex.def Info: Screenshots/learner-quiz.png  used on input line 1523.

(pdftex.def)             Requested size: 392.64725pt x 259.02219pt.


Package fancyhdr Warning: \headheight is too small (12.0pt): 
(fancyhdr)                Make it at least 14.49998pt, for example:
(fancyhdr)                \setlength{\headheight}{14.49998pt}.
(fancyhdr)                You might also make \topmargin smaller:
(fancyhdr)                \addtolength{\topmargin}{-2.49998pt}.

[66 <./Screenshots/a11y-settings-modal.png (PNG copy)>]
Underfull \hbox (badness 6428) in paragraph at lines 1536--1537
[]\OT1/ptm/b/n/12 Administrator out-put. \OT1/ptm/m/n/12 An ad-min-is-tra-tor s
ees platform-wide an-a-lyt-ics
 []


Package fancyhdr Warning: \headheight is too small (12.0pt): 
(fancyhdr)                Make it at least 14.49998pt, for example:
(fancyhdr)                \setlength{\headheight}{14.49998pt}.
(fancyhdr)                You might also make \topmargin smaller:
(fancyhdr)                \addtolength{\topmargin}{-2.49998pt}.

[67 <./Screenshots/learner-quiz.png (PNG copy)>]
<Screenshots/learner-progress.png, id=347, 2890.8pt x 1907.125pt>
File: Screenshots/learner-progress.png Graphic file (type png)
<use Screenshots/learner-progress.png>
Package pdftex.def Info: Screenshots/learner-progress.png  used on input line 1
569.
(pdftex.def)             Requested size: 392.64725pt x 259.02219pt.


Package fancyhdr Warning: \headheight is too small (12.0pt): 
(fancyhdr)                Make it at least 14.49998pt, for example:
(fancyhdr)                \setlength{\headheight}{14.49998pt}.
(fancyhdr)                You might also make \topmargin smaller:
(fancyhdr)                \addtolength{\topmargin}{-2.49998pt}.

[68]
<Screenshots/admin-analytics.png, id=351, 2890.8pt x 1907.125pt>
File: Screenshots/admin-analytics.png Graphic file (type png)
<use Screenshots/admin-analytics.png>
Package pdftex.def Info: Screenshots/admin-analytics.png  used on input line 15
76.
(pdftex.def)             Requested size: 392.64725pt x 259.02219pt.


Package fancyhdr Warning: \headheight is too small (12.0pt): 
(fancyhdr)                Make it at least 14.49998pt, for example:
(fancyhdr)                \setlength{\headheight}{14.49998pt}.
(fancyhdr)                You might also make \topmargin smaller:
(fancyhdr)                \addtolength{\topmargin}{-2.49998pt}.

[69 <./Screenshots/learner-progress.png (PNG copy)> <./Screenshots/admin-analyt
ics.png (PNG copy)>]
<Screenshots/admin-analytics-accessibility.png, id=355, 2890.8pt x 1907.125pt>
File: Screenshots/admin-analytics-accessibility.png Graphic file (type png)
<use Screenshots/admin-analytics-accessibility.png>
Package pdftex.def Info: Screenshots/admin-analytics-accessibility.png  used on
 input line 1585.
(pdftex.def)             Requested size: 392.64725pt x 259.02219pt.


Package fancyhdr Warning: \headheight is too small (12.0pt): 
(fancyhdr)                Make it at least 14.49998pt, for example:
(fancyhdr)                \setlength{\headheight}{14.49998pt}.
(fancyhdr)                You might also make \topmargin smaller:
(fancyhdr)                \addtolength{\topmargin}{-2.49998pt}.

[70 <./Screenshots/admin-analytics-accessibility.png (PNG copy)>]
Underfull \hbox (badness 4084) in paragraph at lines 1605--1606
\OT1/ptm/m/n/12 at-tempts, check-points, rec-om-men-da-tions and cer-tifi-cates
 all ref-er-ence the
 []


Package fancyhdr Warning: \headheight is too small (12.0pt): 
(fancyhdr)                Make it at least 14.49998pt, for example:
(fancyhdr)                \setlength{\headheight}{14.49998pt}.
(fancyhdr)                You might also make \topmargin smaller:
(fancyhdr)                \addtolength{\topmargin}{-2.49998pt}.

[71]
<Diagram/ERD-1-identity.png, id=363, 1589.94pt x 2463.2025pt>
File: Diagram/ERD-1-identity.png Graphic file (type png)
<use Diagram/ERD-1-identity.png>
Package pdftex.def Info: Diagram/ERD-1-identity.png  used on input line 1621.
(pdftex.def)             Requested size: 381.0354pt x 590.31622pt.


Package fancyhdr Warning: \headheight is too small (12.0pt): 
(fancyhdr)                Make it at least 14.49998pt, for example:
(fancyhdr)                \setlength{\headheight}{14.49998pt}.
(fancyhdr)                You might also make \topmargin smaller:
(fancyhdr)                \addtolength{\topmargin}{-2.49998pt}.

[72]
Underfull \hbox (badness 2035) in paragraph at lines 1628--1629
\OT1/ptm/m/n/12 sum-maries and dis-cus-sion threads), and the sup-port-ing con-
tent in-fras-truc-ture of
 []


Package fancyhdr Warning: \headheight is too small (12.0pt): 
(fancyhdr)                Make it at least 14.49998pt, for example:
(fancyhdr)                \setlength{\headheight}{14.49998pt}.
(fancyhdr)                You might also make \topmargin smaller:
(fancyhdr)                \addtolength{\topmargin}{-2.49998pt}.

[73 <./Diagram/ERD-1-identity.png (PNG copy)>]
<Diagram/ERD-2-curriculum.png, id=370, 2344.76pt x 3541.23pt>
File: Diagram/ERD-2-curriculum.png Graphic file (type png)
<use Diagram/ERD-2-curriculum.png>
Package pdftex.def Info: Diagram/ERD-2-curriculum.png  used on input line 1632.

(pdftex.def)             Requested size: 390.87585pt x 590.32964pt.


Package fancyhdr Warning: \headheight is too small (12.0pt): 
(fancyhdr)                Make it at least 14.49998pt, for example:
(fancyhdr)                \setlength{\headheight}{14.49998pt}.
(fancyhdr)                You might also make \topmargin smaller:
(fancyhdr)                \addtolength{\topmargin}{-2.49998pt}.

[74]
Underfull \hbox (badness 10000) in paragraph at lines 1639--1640
\OT1/ptm/m/n/12 at-tempts and an-swers, check-point re-sponses, H5P re-sponses,
 gen-er-ated
 []


Package fancyhdr Warning: \headheight is too small (12.0pt): 
(fancyhdr)                Make it at least 14.49998pt, for example:
(fancyhdr)                \setlength{\headheight}{14.49998pt}.
(fancyhdr)                You might also make \topmargin smaller:
(fancyhdr)                \addtolength{\topmargin}{-2.49998pt}.

[75 <./Diagram/ERD-2-curriculum.png (PNG copy)>]
<Diagram/ERD-3-assessment.png, id=377, 3099.58pt x 3250.1425pt>
File: Diagram/ERD-3-assessment.png Graphic file (type png)
<use Diagram/ERD-3-assessment.png>
Package pdftex.def Info: Diagram/ERD-3-assessment.png  used on input line 1643.

(pdftex.def)             Requested size: 426.7493pt x 447.4787pt.


Package fancyhdr Warning: \headheight is too small (12.0pt): 
(fancyhdr)                Make it at least 14.49998pt, for example:
(fancyhdr)                \setlength{\headheight}{14.49998pt}.
(fancyhdr)                You might also make \topmargin smaller:
(fancyhdr)                \addtolength{\topmargin}{-2.49998pt}.

[76 <./Diagram/ERD-3-assessment.png (PNG copy)>]
<Diagram/ERD-0-overview.png, id=381, 6118.86pt x 4189.6525pt>
File: Diagram/ERD-0-overview.png Graphic file (type png)
<use Diagram/ERD-0-overview.png>
Package pdftex.def Info: Diagram/ERD-0-overview.png  used on input line 1654.
(pdftex.def)             Requested size: 552.63434pt x 378.39496pt.


Package fancyhdr Warning: \headheight is too small (12.0pt): 
(fancyhdr)                Make it at least 14.49998pt, for example:
(fancyhdr)                \setlength{\headheight}{14.49998pt}.
(fancyhdr)                You might also make \topmargin smaller:
(fancyhdr)                \addtolength{\topmargin}{-2.49998pt}.

[77

 <./Diagram/ERD-0-overview.png (PNG copy)>]
Underfull \hbox (badness 1342) in paragraph at lines 1671--1672
\OT1/ptm/m/it/12 Con-tent Us-able for Peo-ple with Cog-ni-tive and Learn-ing Di
s-abil-i-ties \OT1/ptm/m/n/12 (W3C Web
 []


Package fancyhdr Warning: \headheight is too small (12.0pt): 
(fancyhdr)                Make it at least 14.49998pt, for example:
(fancyhdr)                \setlength{\headheight}{14.49998pt}.
(fancyhdr)                You might also make \topmargin smaller:
(fancyhdr)                \addtolength{\topmargin}{-2.49998pt}.

[78

]
Underfull \hbox (badness 10000) in paragraph at lines 1673--1674
\OT1/ptm/m/n/12 learn-ers. That state-ment is pub-lished on the plat-form it-se
lf at
 []

LaTeX Font Info:    Font shape `OT1/ptm/bx/n' in size <8> not available
(Font)              Font shape `OT1/ptm/b/n' tried instead on input line 1698.
LaTeX Font Info:    Font shape `OT1/ptm/bx/n' in size <5> not available
(Font)              Font shape `OT1/ptm/b/n' tried instead on input line 1698.
ignored error: Infinite glue shrinkage found in box being split

Package fancyhdr Warning: \headheight is too small (12.0pt): 
(fancyhdr)                Make it at least 14.49998pt, for example:
(fancyhdr)                \setlength{\headheight}{14.49998pt}.
(fancyhdr)                You might also make \topmargin smaller:
(fancyhdr)                \addtolength{\topmargin}{-2.49998pt}.

[79]
ignored error: Infinite glue shrinkage found in box being split

Package fancyhdr Warning: \headheight is too small (12.0pt): 
(fancyhdr)                Make it at least 14.49998pt, for example:
(fancyhdr)                \setlength{\headheight}{14.49998pt}.
(fancyhdr)                You might also make \topmargin smaller:
(fancyhdr)                \addtolength{\topmargin}{-2.49998pt}.

[80]

Package fancyhdr Warning: \headheight is too small (12.0pt): 
(fancyhdr)                Make it at least 14.49998pt, for example:
(fancyhdr)                \setlength{\headheight}{14.49998pt}.
(fancyhdr)                You might also make \topmargin smaller:
(fancyhdr)                \addtolength{\topmargin}{-2.49998pt}.

[81]
ignored error: Infinite glue shrinkage found in box being split

Package fancyhdr Warning: \headheight is too small (12.0pt): 
(fancyhdr)                Make it at least 14.49998pt, for example:
(fancyhdr)                \setlength{\headheight}{14.49998pt}.
(fancyhdr)                You might also make \topmargin smaller:
(fancyhdr)                \addtolength{\topmargin}{-2.49998pt}.

[82]
Underfull \hbox (badness 6141) in paragraph at lines 1805--1806
\OT1/ptm/m/n/12 in-di-vid-ual val-ues at once, span-ning ty-pog-ra-phy, colour,
 lay-out, pac-ing and
 []

ignored error: Infinite glue shrinkage found in box being split

Package fancyhdr Warning: \headheight is too small (12.0pt): 
(fancyhdr)                Make it at least 14.49998pt, for example:
(fancyhdr)                \setlength{\headheight}{14.49998pt}.
(fancyhdr)                You might also make \topmargin smaller:
(fancyhdr)                \addtolength{\topmargin}{-2.49998pt}.

[83]
Underfull \hbox (badness 1466) in paragraph at lines 1848--1849
\OT1/ptm/m/n/12 im-ple-men-ta-tion of WCAG 3.2.5, and it ex-ists be-cause an in
-ter-face that silently
 []

<Screenshots/a11y-preset-details.png, id=405, 2890.8pt x 1907.125pt>
File: Screenshots/a11y-preset-details.png Graphic file (type png)
<use Screenshots/a11y-preset-details.png>
Package pdftex.def Info: Screenshots/a11y-preset-details.png  used on input lin
e 1852.
(pdftex.def)             Requested size: 367.04082pt x 242.14398pt.

Package fancyhdr Warning: \headheight is too small (12.0pt): 
(fancyhdr)                Make it at least 14.49998pt, for example:
(fancyhdr)                \setlength{\headheight}{14.49998pt}.
(fancyhdr)                You might also make \topmargin smaller:
(fancyhdr)                \addtolength{\topmargin}{-2.49998pt}.

[84]
<Screenshots/lesson-none.png, id=409, 2890.8pt x 1907.125pt>
File: Screenshots/lesson-none.png Graphic file (type png)
<use Screenshots/lesson-none.png>
Package pdftex.def Info: Screenshots/lesson-none.png  used on input line 1865.
(pdftex.def)             Requested size: 384.1096pt x 253.40582pt.
<Screenshots/lesson-dyslexia.png, id=410, 2890.8pt x 1907.125pt>
File: Screenshots/lesson-dyslexia.png Graphic file (type png)
<use Screenshots/lesson-dyslexia.png>
Package pdftex.def Info: Screenshots/lesson-dyslexia.png  used on input line 18
72.
(pdftex.def)             Requested size: 384.1096pt x 253.40582pt.


Package fancyhdr Warning: \headheight is too small (12.0pt): 
(fancyhdr)                Make it at least 14.49998pt, for example:
(fancyhdr)                \setlength{\headheight}{14.49998pt}.
(fancyhdr)                You might also make \topmargin smaller:
(fancyhdr)                \addtolength{\topmargin}{-2.49998pt}.

[85 <./Screenshots/a11y-preset-details.png (PNG copy)>]

Package fancyhdr Warning: \headheight is too small (12.0pt): 
(fancyhdr)                Make it at least 14.49998pt, for example:
(fancyhdr)                \setlength{\headheight}{14.49998pt}.
(fancyhdr)                You might also make \topmargin smaller:
(fancyhdr)                \addtolength{\topmargin}{-2.49998pt}.

[86 <./Screenshots/lesson-none.png (PNG copy)> <./Screenshots/lesson-dyslexia.p
ng (PNG copy)>]
<Screenshots/lesson-adhd.png, id=417, 2890.8pt x 1907.125pt>
File: Screenshots/lesson-adhd.png Graphic file (type png)
<use Screenshots/lesson-adhd.png>
Package pdftex.def Info: Screenshots/lesson-adhd.png  used on input line 1883.
(pdftex.def)             Requested size: 392.64725pt x 259.02219pt.
<Screenshots/lesson-autism.png, id=418, 2890.8pt x 1907.125pt>
File: Screenshots/lesson-autism.png Graphic file (type png)
<use Screenshots/lesson-autism.png>
Package pdftex.def Info: Screenshots/lesson-autism.png  used on input line 1892
.
(pdftex.def)             Requested size: 392.64725pt x 259.02219pt.


Package fancyhdr Warning: \headheight is too small (12.0pt): 
(fancyhdr)                Make it at least 14.49998pt, for example:
(fancyhdr)                \setlength{\headheight}{14.49998pt}.
(fancyhdr)                You might also make \topmargin smaller:
(fancyhdr)                \addtolength{\topmargin}{-2.49998pt}.

[87 <./Screenshots/lesson-adhd.png (PNG copy)>]
<Screenshots/dashboard-dyslexia.png, id=422, 2890.8pt x 1907.125pt>
File: Screenshots/dashboard-dyslexia.png Graphic file (type png)
<use Screenshots/dashboard-dyslexia.png>
Package pdftex.def Info: Screenshots/dashboard-dyslexia.png  used on input line
 1903.
(pdftex.def)             Requested size: 392.64725pt x 259.02219pt.


Package fancyhdr Warning: \headheight is too small (12.0pt): 
(fancyhdr)                Make it at least 14.49998pt, for example:
(fancyhdr)                \setlength{\headheight}{14.49998pt}.
(fancyhdr)                You might also make \topmargin smaller:
(fancyhdr)                \addtolength{\topmargin}{-2.49998pt}.

[88 <./Screenshots/lesson-autism.png (PNG copy)>]

Package fancyhdr Warning: \headheight is too small (12.0pt): 
(fancyhdr)                Make it at least 14.49998pt, for example:
(fancyhdr)                \setlength{\headheight}{14.49998pt}.
(fancyhdr)                You might also make \topmargin smaller:
(fancyhdr)                \addtolength{\topmargin}{-2.49998pt}.

[89 <./Screenshots/dashboard-dyslexia.png (PNG copy)>]
<Screenshots/educator-a11y-compliance.png, id=430, 2890.8pt x 1907.125pt>
File: Screenshots/educator-a11y-compliance.png Graphic file (type png)
<use Screenshots/educator-a11y-compliance.png>
Package pdftex.def Info: Screenshots/educator-a11y-compliance.png  used on inpu
t line 1919.
(pdftex.def)             Requested size: 401.1849pt x 264.66765pt.


Package fancyhdr Warning: \headheight is too small (12.0pt): 
(fancyhdr)                Make it at least 14.49998pt, for example:
(fancyhdr)                \setlength{\headheight}{14.49998pt}.
(fancyhdr)                You might also make \topmargin smaller:
(fancyhdr)                \addtolength{\topmargin}{-2.49998pt}.

[90 <./Screenshots/educator-a11y-compliance.png (PNG copy)>]

Package fancyhdr Warning: \headheight is too small (12.0pt): 
(fancyhdr)                Make it at least 14.49998pt, for example:
(fancyhdr)                \setlength{\headheight}{14.49998pt}.
(fancyhdr)                You might also make \topmargin smaller:
(fancyhdr)                \addtolength{\topmargin}{-2.49998pt}.

[91]
Underfull \hbox (badness 1082) in paragraph at lines 1943--1944
[]\OT1/ptm/b/n/12 No quan-ti-ta-tive ac-ces-si-bil-ity base-line was cap-tured.
 \OT1/ptm/m/n/12 No before-and-after
 []


Underfull \hbox (badness 2158) in paragraph at lines 1943--1944
\OT1/ptm/m/n/12 ac-ces-si-bil-ity work be-gan. The com-par-isons in this chap-t
er are there-fore
 []


Underfull \hbox (badness 1253) in paragraph at lines 1943--1944
\OT1/ptm/m/n/12 demon-stra-tions that the in-ter-face adapts as de-signed, not 
ev-i-dence that the
 []


Package fancyhdr Warning: \headheight is too small (12.0pt): 
(fancyhdr)                Make it at least 14.49998pt, for example:
(fancyhdr)                \setlength{\headheight}{14.49998pt}.
(fancyhdr)                You might also make \topmargin smaller:
(fancyhdr)                \addtolength{\topmargin}{-2.49998pt}.

[92]
Underfull \hbox (badness 10000) in paragraph at lines 1958--1959
\OT1/pcr/m/n/12 learner _ name$\OT1/ptm/m/n/12 , $\OT1/pcr/m/n/12 course _ titl
e$\OT1/ptm/m/n/12 , $\OT1/pcr/m/n/12 educator _ name$\OT1/ptm/m/n/12 ,
 []


Underfull \hbox (badness 2443) in paragraph at lines 1962--1963
[]\OT1/ptm/m/n/12 Two fur-ther points are worth record-ing. First, the schema c
on-tains no
 []


Underfull \hbox (badness 10000) in paragraph at lines 1962--1963
\OT1/ptm/m/n/12 many-to-many re-la-tion-ship im-ple-mented with-out a junc-tion
 ta-ble:
 []


Underfull \hbox (badness 1874) in paragraph at lines 1962--1963
\OT1/ptm/m/n/12 one. Sec-ond, one de-nor-malised col-umn pair was re-moved dur-
ing the schema
 []


Package fancyhdr Warning: \headheight is too small (12.0pt): 
(fancyhdr)                Make it at least 14.49998pt, for example:
(fancyhdr)                \setlength{\headheight}{14.49998pt}.
(fancyhdr)                You might also make \topmargin smaller:
(fancyhdr)                \addtolength{\topmargin}{-2.49998pt}.

[93]

Package fancyhdr Warning: \headheight is too small (12.0pt): 
(fancyhdr)                Make it at least 14.49998pt, for example:
(fancyhdr)                \setlength{\headheight}{14.49998pt}.
(fancyhdr)                You might also make \topmargin smaller:
(fancyhdr)                \addtolength{\topmargin}{-2.49998pt}.

[94]

Package fancyhdr Warning: \headheight is too small (12.0pt): 
(fancyhdr)                Make it at least 14.49998pt, for example:
(fancyhdr)                \setlength{\headheight}{14.49998pt}.
(fancyhdr)                You might also make \topmargin smaller:
(fancyhdr)                \addtolength{\topmargin}{-2.49998pt}.

[95]

Package fancyhdr Warning: \headheight is too small (12.0pt): 
(fancyhdr)                Make it at least 14.49998pt, for example:
(fancyhdr)                \setlength{\headheight}{14.49998pt}.
(fancyhdr)                You might also make \topmargin smaller:
(fancyhdr)                \addtolength{\topmargin}{-2.49998pt}.

[96]

Package fancyhdr Warning: \headheight is too small (12.0pt): 
(fancyhdr)                Make it at least 14.49998pt, for example:
(fancyhdr)                \setlength{\headheight}{14.49998pt}.
(fancyhdr)                You might also make \topmargin smaller:
(fancyhdr)                \addtolength{\topmargin}{-2.49998pt}.

[97]
Overfull \hbox (2.66261pt too wide) in paragraph at lines 2216--2216
\OT1/ptm/m/n/8 guided[]learning[]enabled|  
 []


Overfull \hbox (2.91856pt too wide) in paragraph at lines 2223--2223
\OT1/ptm/m/n/8 ter[]organization[]enabled|  
 []


Overfull \hbox (5.78236pt too wide) in paragraph at lines 2234--2234
\OT1/ptm/m/n/8 ondary[]disability[]focuses|  
 []

ignored error: Infinite glue shrinkage found in box being split

Package fancyhdr Warning: \headheight is too small (12.0pt): 
(fancyhdr)                Make it at least 14.49998pt, for example:
(fancyhdr)                \setlength{\headheight}{14.49998pt}.
(fancyhdr)                You might also make \topmargin smaller:
(fancyhdr)                \addtolength{\topmargin}{-2.49998pt}.

[98]
ignored error: Infinite glue shrinkage found in box being split

Package fancyhdr Warning: \headheight is too small (12.0pt): 
(fancyhdr)                Make it at least 14.49998pt, for example:
(fancyhdr)                \setlength{\headheight}{14.49998pt}.
(fancyhdr)                You might also make \topmargin smaller:
(fancyhdr)                \addtolength{\topmargin}{-2.49998pt}.

[99]
Overfull \hbox (6.67035pt too wide) in paragraph at lines 2311--2311
\OT1/ptm/m/n/8 mary[]reflection[]questions|  
 []


Overfull \hbox (8.63853pt too wide) in paragraph at lines 2312--2312
\OT1/ptm/m/n/8 mary[]ai[]feedback[]enabled|  
 []

ignored error: Infinite glue shrinkage found in box being split

Package fancyhdr Warning: \headheight is too small (12.0pt): 
(fancyhdr)                Make it at least 14.49998pt, for example:
(fancyhdr)                \setlength{\headheight}{14.49998pt}.
(fancyhdr)                You might also make \topmargin smaller:
(fancyhdr)                \addtolength{\topmargin}{-2.49998pt}.

[100]
ignored error: Infinite glue shrinkage found in box being split

Package fancyhdr Warning: \headheight is too small (12.0pt): 
(fancyhdr)                Make it at least 14.49998pt, for example:
(fancyhdr)                \setlength{\headheight}{14.49998pt}.
(fancyhdr)                You might also make \topmargin smaller:
(fancyhdr)                \addtolength{\topmargin}{-2.49998pt}.

[101]

Package fancyhdr Warning: \headheight is too small (12.0pt): 
(fancyhdr)                Make it at least 14.49998pt, for example:
(fancyhdr)                \setlength{\headheight}{14.49998pt}.
(fancyhdr)                You might also make \topmargin smaller:
(fancyhdr)                \addtolength{\topmargin}{-2.49998pt}.

[102]

Package fancyhdr Warning: \headheight is too small (12.0pt): 
(fancyhdr)                Make it at least 14.49998pt, for example:
(fancyhdr)                \setlength{\headheight}{14.49998pt}.
(fancyhdr)                You might also make \topmargin smaller:
(fancyhdr)                \addtolength{\topmargin}{-2.49998pt}.

[103]

Package fancyhdr Warning: \headheight is too small (12.0pt): 
(fancyhdr)                Make it at least 14.49998pt, for example:
(fancyhdr)                \setlength{\headheight}{14.49998pt}.
(fancyhdr)                You might also make \topmargin smaller:
(fancyhdr)                \addtolength{\topmargin}{-2.49998pt}.

[104]

Package fancyhdr Warning: \headheight is too small (12.0pt): 
(fancyhdr)                Make it at least 14.49998pt, for example:
(fancyhdr)                \setlength{\headheight}{14.49998pt}.
(fancyhdr)                You might also make \topmargin smaller:
(fancyhdr)                \addtolength{\topmargin}{-2.49998pt}.

[105]

Package fancyhdr Warning: \headheight is too small (12.0pt): 
(fancyhdr)                Make it at least 14.49998pt, for example:
(fancyhdr)                \setlength{\headheight}{14.49998pt}.
(fancyhdr)                You might also make \topmargin smaller:
(fancyhdr)                \addtolength{\topmargin}{-2.49998pt}.

[106]

Package fancyhdr Warning: \headheight is too small (12.0pt): 
(fancyhdr)                Make it at least 14.49998pt, for example:
(fancyhdr)                \setlength{\headheight}{14.49998pt}.
(fancyhdr)                You might also make \topmargin smaller:
(fancyhdr)                \addtolength{\topmargin}{-2.49998pt}.

[107]

Package fancyhdr Warning: \headheight is too small (12.0pt): 
(fancyhdr)                Make it at least 14.49998pt, for example:
(fancyhdr)                \setlength{\headheight}{14.49998pt}.
(fancyhdr)                You might also make \topmargin smaller:
(fancyhdr)                \addtolength{\topmargin}{-2.49998pt}.

[108]

Package fancyhdr Warning: \headheight is too small (12.0pt): 
(fancyhdr)                Make it at least 14.49998pt, for example:
(fancyhdr)                \setlength{\headheight}{14.49998pt}.
(fancyhdr)                You might also make \topmargin smaller:
(fancyhdr)                \addtolength{\topmargin}{-2.49998pt}.

[109]

Package fancyhdr Warning: \headheight is too small (12.0pt): 
(fancyhdr)                Make it at least 14.49998pt, for example:
(fancyhdr)                \setlength{\headheight}{14.49998pt}.
(fancyhdr)                You might also make \topmargin smaller:
(fancyhdr)                \addtolength{\topmargin}{-2.49998pt}.

[110]

Package fancyhdr Warning: \headheight is too small (12.0pt): 
(fancyhdr)                Make it at least 14.49998pt, for example:
(fancyhdr)                \setlength{\headheight}{14.49998pt}.
(fancyhdr)                You might also make \topmargin smaller:
(fancyhdr)                \addtolength{\topmargin}{-2.49998pt}.

[111]

Package fancyhdr Warning: \headheight is too small (12.0pt): 
(fancyhdr)                Make it at least 14.49998pt, for example:
(fancyhdr)                \setlength{\headheight}{14.49998pt}.
(fancyhdr)                You might also make \topmargin smaller:
(fancyhdr)                \addtolength{\topmargin}{-2.49998pt}.

[112]
ignored error: Infinite glue shrinkage found in box being split

Package fancyhdr Warning: \headheight is too small (12.0pt): 
(fancyhdr)                Make it at least 14.49998pt, for example:
(fancyhdr)                \setlength{\headheight}{14.49998pt}.
(fancyhdr)                You might also make \topmargin smaller:
(fancyhdr)                \addtolength{\topmargin}{-2.49998pt}.

[113]
Underfull \hbox (badness 2005) in paragraph at lines 2955--2956
\OT1/ptm/m/n/12 op-er-a-tions through Re-act con-text. It also drives the $\OT1
/pcr/m/n/12 SessionTimeout$
 []


Underfull \hbox (badness 10000) in paragraph at lines 2956--2957
[]\OT1/ptm/b/n/12 AccessibilityProvider. \OT1/ptm/m/n/12 Loads the learner's st
ored pref-er-ences from
 []


Underfull \hbox (badness 10000) in paragraph at lines 2956--2957
\OT1/pcr/m/n/12 user _ profiles . accessibility _ prefs$\OT1/ptm/m/n/12 , passe
s them through
 []


Underfull \hbox (badness 10000) in paragraph at lines 2956--2957
\OT1/ptm/m/n/12 cus-tom prop-er-ties ($\OT1/pcr/m/n/12 -[]-[]user-[]font-[]size
$\OT1/ptm/m/n/12 , $\OT1/pcr/m/n/12 -[]-[]user-[]line-[]spacing$\OT1/ptm/m/n/12
 ,
 []


Underfull \hbox (badness 3058) in paragraph at lines 2956--2957
\OT1/pcr/m/n/12 -[]-[]user-[]word-[]spacing$\OT1/ptm/m/n/12 ). Cat-e-gor-i-cal 
val-ues are writ-ten as $\OT1/pcr/m/n/12 data-[]*$
 []


Underfull \hbox (badness 10000) in paragraph at lines 2956--2957
\OT1/ptm/m/n/12 at-tributes ($\OT1/pcr/m/n/12 data-[]preset$\OT1/ptm/m/n/12 , $
\OT1/pcr/m/n/12 data-[]bg-[]tint$\OT1/ptm/m/n/12 , $\OT1/pcr/m/n/12 data-[]layo
ut-[]mode$\OT1/ptm/m/n/12 ,
 []


Underfull \hbox (badness 10000) in paragraph at lines 2956--2957
\OT1/pcr/m/n/12 data-[]structure-[]mode$\OT1/ptm/m/n/12 , $\OT1/pcr/m/n/12 data
-[]animation-[]level$\OT1/ptm/m/n/12 ,
 []


Package fancyhdr Warning: \headheight is too small (12.0pt): 
(fancyhdr)                Make it at least 14.49998pt, for example:
(fancyhdr)                \setlength{\headheight}{14.49998pt}.
(fancyhdr)                You might also make \topmargin smaller:
(fancyhdr)                \addtolength{\topmargin}{-2.49998pt}.

[114]
Underfull \hbox (badness 6526) in paragraph at lines 2960--2961
\OT1/ptm/m/n/12 it caused a real de-fect. The provider dis-tin-guishes $\OT1/pc
r/m/n/12 base _ preset$ \OT1/ptm/m/n/12 from
 []


Package fancyhdr Warning: \headheight is too small (12.0pt): 
(fancyhdr)                Make it at least 14.49998pt, for example:
(fancyhdr)                \setlength{\headheight}{14.49998pt}.
(fancyhdr)                You might also make \topmargin smaller:
(fancyhdr)                \addtolength{\topmargin}{-2.49998pt}.

[115]
Underfull \hbox (badness 5832) in paragraph at lines 2978--2979
[]$\OT1/pcr/m/n/12 learner-[]api . ts$\OT1/ptm/m/n/12 : 56 ex-ported func-tions
 cov-er-ing pro-file, cat-a-logue,
 []


Package fancyhdr Warning: \headheight is too small (12.0pt): 
(fancyhdr)                Make it at least 14.49998pt, for example:
(fancyhdr)                \setlength{\headheight}{14.49998pt}.
(fancyhdr)                You might also make \topmargin smaller:
(fancyhdr)                \addtolength{\topmargin}{-2.49998pt}.

[116]
Underfull \hbox (badness 10000) in paragraph at lines 2989--2990
[]$\OT1/pcr/m/n/12 POST  / api / admin / approve-[]instructor$\OT1/ptm/m/n/12 :
 pro-motes an ap-proved
 []


Underfull \hbox (badness 3503) in paragraph at lines 2990--2991
[]$\OT1/pcr/m/n/12 POST  / api / recommendations / generate$\OT1/ptm/m/n/12 : r
uns the rec-om-men-da-tion
 []


Underfull \hbox (badness 1303) in paragraph at lines 2996--2997
 \OT1/ptm/b/n/12 The rec-om-men-da-tion en-gine[] \OT1/ptm/m/n/12 Al-go-rithm 1
[] sets out the rule-based logic of the
 []


Package fancyhdr Warning: \headheight is too small (12.0pt): 
(fancyhdr)                Make it at least 14.49998pt, for example:
(fancyhdr)                \setlength{\headheight}{14.49998pt}.
(fancyhdr)                You might also make \topmargin smaller:
(fancyhdr)                \addtolength{\topmargin}{-2.49998pt}.

[117]

Package fancyhdr Warning: \headheight is too small (12.0pt): 
(fancyhdr)                Make it at least 14.49998pt, for example:
(fancyhdr)                \setlength{\headheight}{14.49998pt}.
(fancyhdr)                You might also make \topmargin smaller:
(fancyhdr)                \addtolength{\topmargin}{-2.49998pt}.

[118]
Underfull \hbox (badness 1033) in paragraph at lines 3052--3053
\OT1/ptm/m/n/12 whether a course is com-plete and awards what-ever achieve-ment
s the learner has
 []


Package fancyhdr Warning: \headheight is too small (12.0pt): 
(fancyhdr)                Make it at least 14.49998pt, for example:
(fancyhdr)                \setlength{\headheight}{14.49998pt}.
(fancyhdr)                You might also make \topmargin smaller:
(fancyhdr)                \addtolength{\topmargin}{-2.49998pt}.

[119]
Underfull \hbox (badness 2057) in paragraph at lines 3061--3062
\OT1/ptm/m/n/12 re-build the database: none of them con-tained a \OT1/pcr/m/n/1
2 CREATE TABLE \OT1/ptm/m/n/12 for $\OT1/pcr/m/n/12 users$\OT1/ptm/m/n/12 ,
 []


Package fancyhdr Warning: \headheight is too small (12.0pt): 
(fancyhdr)                Make it at least 14.49998pt, for example:
(fancyhdr)                \setlength{\headheight}{14.49998pt}.
(fancyhdr)                You might also make \topmargin smaller:
(fancyhdr)                \addtolength{\topmargin}{-2.49998pt}.

[120]

Package fancyhdr Warning: \headheight is too small (12.0pt): 
(fancyhdr)                Make it at least 14.49998pt, for example:
(fancyhdr)                \setlength{\headheight}{14.49998pt}.
(fancyhdr)                You might also make \topmargin smaller:
(fancyhdr)                \addtolength{\topmargin}{-2.49998pt}.

[121]
Underfull \hbox (badness 1005) in paragraph at lines 3128--3129
\OT1/ptm/m/n/12 They fall into three groups. \OT1/ptm/m/it/12 Enu-mer-a-tions \
OT1/ptm/m/n/12 bound a text col-umn to a per-mit-ted
 []


Underfull \hbox (badness 5519) in paragraph at lines 3128--3129
\OT1/ptm/m/it/12 con-straints \OT1/ptm/m/n/12 bind two columns to-gether, and a
re the most in-ter-est-ing group.
 []


Underfull \hbox (badness 1490) in paragraph at lines 3132--3133
\OT1/ptm/m/n/12 ev-ery for-eign key used in a read path is in-dexed ($\OT1/pcr/
m/n/12 idx _ enrollments _ user$\OT1/ptm/m/n/12 ,
 []


Underfull \hbox (badness 10000) in paragraph at lines 3132--3133
\OT1/pcr/m/n/12 idx _ lesson _ progress _ enrollment$\OT1/ptm/m/n/12 , $\OT1/pc
r/m/n/12 idx _ lessons _ course$ \OT1/ptm/m/n/12 and their
 []


Underfull \hbox (badness 10000) in paragraph at lines 3132--3133
\OT1/ptm/m/n/12 peers), sta-tus and cat-e-gory columns used as list fil-ters ar
e in-dexed
 []


Underfull \hbox (badness 10000) in paragraph at lines 3132--3133
\OT1/ptm/m/n/12 ($\OT1/pcr/m/n/12 idx _ courses _ status$\OT1/ptm/m/n/12 , $\OT
1/pcr/m/n/12 idx _ certificates _ status$\OT1/ptm/m/n/12 ,
 []


Package fancyhdr Warning: \headheight is too small (12.0pt): 
(fancyhdr)                Make it at least 14.49998pt, for example:
(fancyhdr)                \setlength{\headheight}{14.49998pt}.
(fancyhdr)                You might also make \topmargin smaller:
(fancyhdr)                \addtolength{\topmargin}{-2.49998pt}.

[122]
Underfull \hbox (badness 10000) in paragraph at lines 3148--3165

 []


Underfull \hbox (badness 10000) in paragraph at lines 3148--3165

 []


Underfull \hbox (badness 1303) in paragraph at lines 3171--3172
\OT1/ptm/m/n/12 course pub-li-ca-tion, and the re-main-ing trig-gers main-tain 
$\OT1/pcr/m/n/12 updated _ at$\OT1/ptm/m/n/12 . Plac-ing
 []


Underfull \hbox (badness 1931) in paragraph at lines 3171--3172
\OT1/ptm/m/n/12 no-ti-fi-ca-tion gen-er-a-tion in the database rather than in a
p-pli-ca-tion code means a
 []


Package fancyhdr Warning: \headheight is too small (12.0pt): 
(fancyhdr)                Make it at least 14.49998pt, for example:
(fancyhdr)                \setlength{\headheight}{14.49998pt}.
(fancyhdr)                You might also make \topmargin smaller:
(fancyhdr)                \addtolength{\topmargin}{-2.49998pt}.

[123]
Underfull \hbox (badness 2662) in paragraph at lines 3175--3176
 \OT1/ptm/b/n/12 Stor-age[] \OT1/ptm/m/n/12 Three buck-ets are de-fined: $\OT1/
pcr/m/n/12 course-[]assets$ \OT1/ptm/m/n/12 for les-son me-dia and
 []


Package fancyhdr Warning: \headheight is too small (12.0pt): 
(fancyhdr)                Make it at least 14.49998pt, for example:
(fancyhdr)                \setlength{\headheight}{14.49998pt}.
(fancyhdr)                You might also make \topmargin smaller:
(fancyhdr)                \addtolength{\topmargin}{-2.49998pt}.

[124]
Underfull \hbox (badness 1783) in paragraph at lines 3193--3194
\OT1/ptm/m/n/12 net-work ser-vice (Mozilla De-vel-oper Net-work, 2025), so that
 les-son text is not
 []


Underfull \hbox (badness 10000) in paragraph at lines 3205--3206
\OT1/ptm/m/n/12 plat-form al-ready col-lects, al-though \OT1/pcr/m/n/12 lesson[
]progress \OT1/ptm/m/n/12 and
 []


Package fancyhdr Warning: \headheight is too small (12.0pt): 
(fancyhdr)                Make it at least 14.49998pt, for example:
(fancyhdr)                \setlength{\headheight}{14.49998pt}.
(fancyhdr)                You might also make \topmargin smaller:
(fancyhdr)                \addtolength{\topmargin}{-2.49998pt}.

[125]

Package fancyhdr Warning: \headheight is too small (12.0pt): 
(fancyhdr)                Make it at least 14.49998pt, for example:
(fancyhdr)                \setlength{\headheight}{14.49998pt}.
(fancyhdr)                You might also make \topmargin smaller:
(fancyhdr)                \addtolength{\topmargin}{-2.49998pt}.

[126]

Package fancyhdr Warning: \headheight is too small (12.0pt): 
(fancyhdr)                Make it at least 14.49998pt, for example:
(fancyhdr)                \setlength{\headheight}{14.49998pt}.
(fancyhdr)                You might also make \topmargin smaller:
(fancyhdr)                \addtolength{\topmargin}{-2.49998pt}.

[127]

Package fancyhdr Warning: \headheight is too small (12.0pt): 
(fancyhdr)                Make it at least 14.49998pt, for example:
(fancyhdr)                \setlength{\headheight}{14.49998pt}.
(fancyhdr)                You might also make \topmargin smaller:
(fancyhdr)                \addtolength{\topmargin}{-2.49998pt}.

[128]
Underfull \hbox (badness 1009) in paragraph at lines 3258--3259
[]\OT1/ptm/m/n/12 Section 5.2[] de-scribes the en-vi-ron-ment. Sec-tion 5.3[] d
e-scribes con-fig-u-ra-tion
 []

[129]

Package fancyhdr Warning: \headheight is too small (12.0pt): 
(fancyhdr)                Make it at least 14.49998pt, for example:
(fancyhdr)                \setlength{\headheight}{14.49998pt}.
(fancyhdr)                You might also make \topmargin smaller:
(fancyhdr)                \addtolength{\topmargin}{-2.49998pt}.

[130]
Underfull \hbox (badness 4303) in paragraph at lines 3333--3334
[]\OT1/ptm/m/n/12 The code-base com-prises 335 Type-Script and TSX source files
 to-talling
 []


Package fancyhdr Warning: \headheight is too small (12.0pt): 
(fancyhdr)                Make it at least 14.49998pt, for example:
(fancyhdr)                \setlength{\headheight}{14.49998pt}.
(fancyhdr)                You might also make \topmargin smaller:
(fancyhdr)                \addtolength{\topmargin}{-2.49998pt}.

[131]
Underfull \hbox (badness 10000) in paragraph at lines 3348--3349
 \OT1/ptm/b/n/12 En-vi-ron-ment con-fig-u-ra-tion.[] \OT1/ptm/m/n/12 Run-time c
on-fig-u-ra-tion (the database URL, the
 []


Underfull \hbox (badness 1331) in paragraph at lines 3348--3349
\OT1/ptm/m/n/12 com-mit-ted. Two files ex-ist: the ac-tive con-fig-u-ra-tion an
d a saved copy of the
 []


Package fancyhdr Warning: \headheight is too small (12.0pt): 
(fancyhdr)                Make it at least 14.49998pt, for example:
(fancyhdr)                \setlength{\headheight}{14.49998pt}.
(fancyhdr)                You might also make \topmargin smaller:
(fancyhdr)                \addtolength{\topmargin}{-2.49998pt}.

[132]

Package fancyhdr Warning: \headheight is too small (12.0pt): 
(fancyhdr)                Make it at least 14.49998pt, for example:
(fancyhdr)                \setlength{\headheight}{14.49998pt}.
(fancyhdr)                You might also make \topmargin smaller:
(fancyhdr)                \addtolength{\topmargin}{-2.49998pt}.

[133]
Underfull \hbox (badness 2012) in paragraph at lines 3365--3366
\OT1/ptm/m/n/12 les-son view, then com-ple-tion, then quiz at-tempt, then cours
e com-ple-tion, then
 []


Package fancyhdr Warning: \headheight is too small (12.0pt): 
(fancyhdr)                Make it at least 14.49998pt, for example:
(fancyhdr)                \setlength{\headheight}{14.49998pt}.
(fancyhdr)                You might also make \topmargin smaller:
(fancyhdr)                \addtolength{\topmargin}{-2.49998pt}.

[134]

Package fancyhdr Warning: \headheight is too small (12.0pt): 
(fancyhdr)                Make it at least 14.49998pt, for example:
(fancyhdr)                \setlength{\headheight}{14.49998pt}.
(fancyhdr)                You might also make \topmargin smaller:
(fancyhdr)                \addtolength{\topmargin}{-2.49998pt}.

[135]
ignored error: Infinite glue shrinkage found in box being split

Package fancyhdr Warning: \headheight is too small (12.0pt): 
(fancyhdr)                Make it at least 14.49998pt, for example:
(fancyhdr)                \setlength{\headheight}{14.49998pt}.
(fancyhdr)                You might also make \topmargin smaller:
(fancyhdr)                \addtolength{\topmargin}{-2.49998pt}.

[136]

Package fancyhdr Warning: \headheight is too small (12.0pt): 
(fancyhdr)                Make it at least 14.49998pt, for example:
(fancyhdr)                \setlength{\headheight}{14.49998pt}.
(fancyhdr)                You might also make \topmargin smaller:
(fancyhdr)                \addtolength{\topmargin}{-2.49998pt}.

[137]
Underfull \hbox (badness 5954) in paragraph at lines 3475--3476
\OT1/ptm/m/n/12 the con-fig-u-ra-tion and ver-sion con-trol pro-ce-dure that ke
eps that en-vi-ron-ment
 []


Package fancyhdr Warning: \headheight is too small (12.0pt): 
(fancyhdr)                Make it at least 14.49998pt, for example:
(fancyhdr)                \setlength{\headheight}{14.49998pt}.
(fancyhdr)                You might also make \topmargin smaller:
(fancyhdr)                \addtolength{\topmargin}{-2.49998pt}.

[138]

Package fancyhdr Warning: \headheight is too small (12.0pt): 
(fancyhdr)                Make it at least 14.49998pt, for example:
(fancyhdr)                \setlength{\headheight}{14.49998pt}.
(fancyhdr)                You might also make \topmargin smaller:
(fancyhdr)                \addtolength{\topmargin}{-2.49998pt}.

[139]

Package fancyhdr Warning: \headheight is too small (12.0pt): 
(fancyhdr)                Make it at least 14.49998pt, for example:
(fancyhdr)                \setlength{\headheight}{14.49998pt}.
(fancyhdr)                You might also make \topmargin smaller:
(fancyhdr)                \addtolength{\topmargin}{-2.49998pt}.

[140]
Underfull \hbox (badness 1132) in paragraph at lines 3524--3525
[]\OT1/ptm/m/n/12 The au-to-mated suite drives a real Chromium browser against 
the de-ployed
 []


Underfull \hbox (badness 1642) in paragraph at lines 3524--3525
\OT1/ptm/m/n/12 the four roles served as test ac-counts, each al-ready car-ry-i
ng a re-al-is-tic his-tory
 []


Package fancyhdr Warning: \headheight is too small (12.0pt): 
(fancyhdr)                Make it at least 14.49998pt, for example:
(fancyhdr)                \setlength{\headheight}{14.49998pt}.
(fancyhdr)                You might also make \topmargin smaller:
(fancyhdr)                \addtolength{\topmargin}{-2.49998pt}.

[141]

Package fancyhdr Warning: \headheight is too small (12.0pt): 
(fancyhdr)                Make it at least 14.49998pt, for example:
(fancyhdr)                \setlength{\headheight}{14.49998pt}.
(fancyhdr)                You might also make \topmargin smaller:
(fancyhdr)                \addtolength{\topmargin}{-2.49998pt}.

[142]
Underfull \hbox (badness 10000) in paragraph at lines 3568--3569
\OT1/ptm/m/n/12 through $\OT1/pcr/m/n/12 playwright . config . ts$ \OT1/ptm/m/n
/12 and run with
 []


Overfull \hbox (5.40852pt too wide) in paragraph at lines 3590--3590
\OT1/ptm/m/n/8 LEARNER- 
 []


Overfull \hbox (5.40852pt too wide) in paragraph at lines 3591--3591
\OT1/ptm/m/n/8 LEARNER- 
 []


Overfull \hbox (5.40852pt too wide) in paragraph at lines 3592--3592
\OT1/ptm/m/n/8 LEARNER- 
 []


Overfull \hbox (5.40852pt too wide) in paragraph at lines 3593--3593
\OT1/ptm/m/n/8 LEARNER- 
 []


Overfull \hbox (11.04053pt too wide) in paragraph at lines 3594--3594
\OT1/ptm/m/n/8 EDUCATOR- 
 []


Overfull \hbox (11.04053pt too wide) in paragraph at lines 3595--3595
\OT1/ptm/m/n/8 EDUCATOR- 
 []


Package fancyhdr Warning: \headheight is too small (12.0pt): 
(fancyhdr)                Make it at least 14.49998pt, for example:
(fancyhdr)                \setlength{\headheight}{14.49998pt}.
(fancyhdr)                You might also make \topmargin smaller:
(fancyhdr)                \addtolength{\topmargin}{-2.49998pt}.

[143]
ignored error: Infinite glue shrinkage found in box being split

Package fancyhdr Warning: \headheight is too small (12.0pt): 
(fancyhdr)                Make it at least 14.49998pt, for example:
(fancyhdr)                \setlength{\headheight}{14.49998pt}.
(fancyhdr)                You might also make \topmargin smaller:
(fancyhdr)                \addtolength{\topmargin}{-2.49998pt}.

[144]

Package fancyhdr Warning: \headheight is too small (12.0pt): 
(fancyhdr)                Make it at least 14.49998pt, for example:
(fancyhdr)                \setlength{\headheight}{14.49998pt}.
(fancyhdr)                You might also make \topmargin smaller:
(fancyhdr)                \addtolength{\topmargin}{-2.49998pt}.

[145]

Package fancyhdr Warning: \headheight is too small (12.0pt): 
(fancyhdr)                Make it at least 14.49998pt, for example:
(fancyhdr)                \setlength{\headheight}{14.49998pt}.
(fancyhdr)                You might also make \topmargin smaller:
(fancyhdr)                \addtolength{\topmargin}{-2.49998pt}.

[146]
ignored error: Infinite glue shrinkage found in box being split

Package fancyhdr Warning: \headheight is too small (12.0pt): 
(fancyhdr)                Make it at least 14.49998pt, for example:
(fancyhdr)                \setlength{\headheight}{14.49998pt}.
(fancyhdr)                You might also make \topmargin smaller:
(fancyhdr)                \addtolength{\topmargin}{-2.49998pt}.

[147]
ignored error: Infinite glue shrinkage found in box being split

Package fancyhdr Warning: \headheight is too small (12.0pt): 
(fancyhdr)                Make it at least 14.49998pt, for example:
(fancyhdr)                \setlength{\headheight}{14.49998pt}.
(fancyhdr)                You might also make \topmargin smaller:
(fancyhdr)                \addtolength{\topmargin}{-2.49998pt}.

[148]

Package fancyhdr Warning: \headheight is too small (12.0pt): 
(fancyhdr)                Make it at least 14.49998pt, for example:
(fancyhdr)                \setlength{\headheight}{14.49998pt}.
(fancyhdr)                You might also make \topmargin smaller:
(fancyhdr)                \addtolength{\topmargin}{-2.49998pt}.

[149]

Package fancyhdr Warning: \headheight is too small (12.0pt): 
(fancyhdr)                Make it at least 14.49998pt, for example:
(fancyhdr)                \setlength{\headheight}{14.49998pt}.
(fancyhdr)                You might also make \topmargin smaller:
(fancyhdr)                \addtolength{\topmargin}{-2.49998pt}.

[150]
Overfull \hbox (2.41966pt too wide) in paragraph at lines 3781--3781
\OT1/ptm/m/n/10 EDUCATOR- 
 []


Overfull \hbox (2.41966pt too wide) in paragraph at lines 3782--3782
\OT1/ptm/m/n/10 EDUCATOR- 
 []

ignored error: Infinite glue shrinkage found in box being split

Package fancyhdr Warning: \headheight is too small (12.0pt): 
(fancyhdr)                Make it at least 14.49998pt, for example:
(fancyhdr)                \setlength{\headheight}{14.49998pt}.
(fancyhdr)                You might also make \topmargin smaller:
(fancyhdr)                \addtolength{\topmargin}{-2.49998pt}.

[151]

Package fancyhdr Warning: \headheight is too small (12.0pt): 
(fancyhdr)                Make it at least 14.49998pt, for example:
(fancyhdr)                \setlength{\headheight}{14.49998pt}.
(fancyhdr)                You might also make \topmargin smaller:
(fancyhdr)                \addtolength{\topmargin}{-2.49998pt}.

[152]
Underfull \hbox (badness 1577) in paragraph at lines 3793--3794
\OT1/ptm/m/n/12 when the timer reaches zero, and only a learner with a pre-set 
ac-tive gets the
 []


Package fancyhdr Warning: \headheight is too small (12.0pt): 
(fancyhdr)                Make it at least 14.49998pt, for example:
(fancyhdr)                \setlength{\headheight}{14.49998pt}.
(fancyhdr)                You might also make \topmargin smaller:
(fancyhdr)                \addtolength{\topmargin}{-2.49998pt}.

[153]

Package fancyhdr Warning: \headheight is too small (12.0pt): 
(fancyhdr)                Make it at least 14.49998pt, for example:
(fancyhdr)                \setlength{\headheight}{14.49998pt}.
(fancyhdr)                You might also make \topmargin smaller:
(fancyhdr)                \addtolength{\topmargin}{-2.49998pt}.

[154]
Underfull \hbox (badness 1067) in paragraph at lines 3816--3817
\OT1/ptm/m/n/12 text-to-speech, ad-justable ac-ces-si-bil-ity set-tings, les-so
n and quiz man-age-ment, and
 []


Package fancyhdr Warning: \headheight is too small (12.0pt): 
(fancyhdr)                Make it at least 14.49998pt, for example:
(fancyhdr)                \setlength{\headheight}{14.49998pt}.
(fancyhdr)                You might also make \topmargin smaller:
(fancyhdr)                \addtolength{\topmargin}{-2.49998pt}.

[155]
Underfull \hbox (badness 1454) in paragraph at lines 3822--3823
\OT1/ptm/m/n/12 seed, and the se-cu-rity and be-havioural prop-er-ties from ex-
e-cutable scripts and a
 []


Underfull \hbox (badness 2318) in paragraph at lines 3826--3827
\OT1/ptm/m/n/12 di-a-grams and data-dictionary ta-bles di-rectly from the live 
schema and back-ing
 []


Underfull \hbox (badness 1320) in paragraph at lines 3828--3829
[]\OT1/ptm/m/n/12 For the re-search com-mu-nity, the project's most trans-fer-a
ble con-tri-bu-tion is
 []


Underfull \hbox (badness 1189) in paragraph at lines 3830--3831
\OT1/ptm/m/n/12 with-out ei-ther a de-scrip-tion or an ex-plicit ex-clu-sion, a
re both ap-pli-ca-ble to any
 []


Package fancyhdr Warning: \headheight is too small (12.0pt): 
(fancyhdr)                Make it at least 14.49998pt, for example:
(fancyhdr)                \setlength{\headheight}{14.49998pt}.
(fancyhdr)                You might also make \topmargin smaller:
(fancyhdr)                \addtolength{\topmargin}{-2.49998pt}.

[156]
Underfull \hbox (badness 10000) in paragraph at lines 3832--3833
\OT1/ptm/m/n/12 re-spon-si-bly. The user-facing ac-ces-si-bil-ity state-ment, p
ub-lished at
 []


Package fancyhdr Warning: \headheight is too small (12.0pt): 
(fancyhdr)                Make it at least 14.49998pt, for example:
(fancyhdr)                \setlength{\headheight}{14.49998pt}.
(fancyhdr)                You might also make \topmargin smaller:
(fancyhdr)                \addtolength{\topmargin}{-2.49998pt}.

[157]
Underfull \hbox (badness 1708) in paragraph at lines 3849--3850
[]\OT1/ptm/b/n/12 Independent eval-u-a-tion with neu-ro-di-ver-gent learn-ers. 
\OT1/ptm/m/n/12 The sin-gle most
 []


Underfull \hbox (badness 1789) in paragraph at lines 3850--3851
\OT1/ptm/m/n/12 VoiceOver, would con-vert the self-assessment in Ta-ble 4.3[] i
nto a ver-i-fied
 []


Package fancyhdr Warning: \headheight is too small (12.0pt): 
(fancyhdr)                Make it at least 14.49998pt, for example:
(fancyhdr)                \setlength{\headheight}{14.49998pt}.
(fancyhdr)                You might also make \topmargin smaller:
(fancyhdr)                \addtolength{\topmargin}{-2.49998pt}.

[158]

Package fancyhdr Warning: \headheight is too small (12.0pt): 
(fancyhdr)                Make it at least 14.49998pt, for example:
(fancyhdr)                \setlength{\headheight}{14.49998pt}.
(fancyhdr)                You might also make \topmargin smaller:
(fancyhdr)                \addtolength{\topmargin}{-2.49998pt}.

[159] (Template Report PSM.bbl
LaTeX Font Info:    Trying to load font information for OML+ptm on input line 7
.

(C:\Users\user\AppData\Local\Programs\MiKTeX\tex/latex/psnfss\omlptm.fd
File: omlptm.fd 
)
LaTeX Font Info:    Font shape `OML/ptm/m/n' in size <12> not available
(Font)              Font shape `OML/cmm/m/it' tried instead on input line 7.

Underfull \hbox (badness 4726) in paragraph at lines 16--20
[]\OT1/ptm/m/n/12 Anthology Inc. (2024b).  Black-board learn: Achieve-ments.  A
c-cessed 2
 []


Underfull \hbox (badness 10000) in paragraph at lines 58--62
[]\OT1/ptm/m/n/12 British Dyslexia As-so-ci-a-tion (2023).  Dyslexia style guid
e 2023:
 []


Underfull \hbox (badness 10000) in paragraph at lines 58--62
\OT1/ptm/m/n/12 Cre-at-ing dyslexia friendly con-tent.  Ac-cessed 2 Septem-ber
 []


Underfull \hbox (badness 10000) in paragraph at lines 58--62
\OT1/ptm/m/n/12 2026, \OML/cmm/m/it/12 <$\OT1/pcr/m/n/12 https : / / www . bdad
yslexia . org . uk / advice /
 []


Underfull \hbox (badness 10000) in paragraph at lines 58--62
\OT1/pcr/m/n/12 employers / creating-[]a-[]dyslexia-[]friendly-[]workplace /
 []


Package fancyhdr Warning: \headheight is too small (12.0pt): 
(fancyhdr)                Make it at least 14.49998pt, for example:
(fancyhdr)                \setlength{\headheight}{14.49998pt}.
(fancyhdr)                You might also make \topmargin smaller:
(fancyhdr)                \addtolength{\topmargin}{-2.49998pt}.

[160]
Underfull \hbox (badness 4120) in paragraph at lines 125--129
[]\OT1/ptm/m/n/12 Google LLC (2025).  Youtube iframe player api ref-er-ence.  A
c-cessed 2
 []


Package fancyhdr Warning: \headheight is too small (12.0pt): 
(fancyhdr)                Make it at least 14.49998pt, for example:
(fancyhdr)                \setlength{\headheight}{14.49998pt}.
(fancyhdr)                You might also make \topmargin smaller:
(fancyhdr)                \addtolength{\topmargin}{-2.49998pt}.

[161]
Underfull \hbox (badness 10000) in paragraph at lines 143--148
[]\OT1/ptm/m/n/12 Instructure, Inc. (2024a).  Can-vas ac-ces-si-bil-ity stan-da
rds and vol-un-tary
 []


Underfull \hbox (badness 10000) in paragraph at lines 143--148
\OT1/ptm/m/n/12 prod-uct ac-ces-si-bil-ity tem-plate.  Ac-cessed 2 Septem-ber 2
026, \OML/cmm/m/it/12 <$\OT1/pcr/m/n/12 https :
 []


Underfull \hbox (badness 3657) in paragraph at lines 203--207
[]\OT1/ptm/m/n/12 MoodleHQ (2024a).  Moo-dle ac-ces-si-bil-ity checker (atto an
d tinymce ed-i-tor
 []


Underfull \hbox (badness 1019) in paragraph at lines 203--207
\OT1/ptm/m/n/12 plu-g-ins).  Ac-cessed 2 Septem-ber 2026, \OML/cmm/m/it/12 <$\O
T1/pcr/m/n/12 https : / / docs . moodle . org / en /
 []


Package fancyhdr Warning: \headheight is too small (12.0pt): 
(fancyhdr)                Make it at least 14.49998pt, for example:
(fancyhdr)                \setlength{\headheight}{14.49998pt}.
(fancyhdr)                You might also make \topmargin smaller:
(fancyhdr)                \addtolength{\topmargin}{-2.49998pt}.

[162]
Underfull \hbox (badness 1527) in paragraph at lines 232--236
[]\OT1/ptm/m/n/12 PostgreSQL Global De-vel-op-ment Group (2025).  Post-gresql 1
7 doc-u-men-ta-tion.
 []


Underfull \hbox (badness 1622) in paragraph at lines 267--271
[]\OT1/ptm/m/n/12 Spencer, M. and Podesta, F. (2022).  Neu-ro-di-ver-sity in hi
gher ed-u-ca-tion: A
 []


Package fancyhdr Warning: \headheight is too small (12.0pt): 
(fancyhdr)                Make it at least 14.49998pt, for example:
(fancyhdr)                \setlength{\headheight}{14.49998pt}.
(fancyhdr)                You might also make \topmargin smaller:
(fancyhdr)                \addtolength{\topmargin}{-2.49998pt}.

[163]
Underfull \hbox (badness 4454) in paragraph at lines 279--283
[]\OT1/ptm/m/n/12 Supabase (2024).  Su-pabase row level se-cu-rity doc-u-men-ta
-tion.  Ac-cessed
 []


Underfull \hbox (badness 10000) in paragraph at lines 279--283
\OT1/ptm/m/n/12 2 Septem-ber 2026, \OML/cmm/m/it/12 <$\OT1/pcr/m/n/12 https : /
 / supabase . com / docs / guides / auth /
 []


Underfull \hbox (badness 10000) in paragraph at lines 320--324
\OML/cmm/m/it/12 <$\OT1/pcr/m/n/12 https : / / nextjs . org / docs / app / buil
ding-[]your-[]application /
 []

)

Package fancyhdr Warning: \headheight is too small (12.0pt): 
(fancyhdr)                Make it at least 14.49998pt, for example:
(fancyhdr)                \setlength{\headheight}{14.49998pt}.
(fancyhdr)                You might also make \topmargin smaller:
(fancyhdr)                \addtolength{\topmargin}{-2.49998pt}.

[164] (Template Report PSM.aux)
 ***********
LaTeX2e <2025-11-01>
L3 programming layer <2025-12-24>
 ***********
 ) 
Here is how much of TeX's memory you used:
 31281 strings out of 467871
 675563 string characters out of 5418860
 1180395 words of memory out of 5000000
 59550 multiletter control sequences out of 15000+600000
 676928 words of font info for 148 fonts, out of 8000000 for 9000
 1141 hyphenation exceptions out of 8191
 102i,15n,108p,2197b,996s stack positions out of 10000i,1000n,20000p,200000b,200000s
<C:/Users/user/AppData/Local/Programs/MiKTeX/fonts/type1/public/amsfonts/cm/c
mmi10.pfb><C:/Users/user/AppData/Local/Programs/MiKTeX/fonts/type1/public/amsfo
nts/cm/cmmi12.pfb><C:/Users/user/AppData/Local/Programs/MiKTeX/fonts/type1/publ
ic/amsfonts/cm/cmr10.pfb><C:/Users/user/AppData/Local/Programs/MiKTeX/fonts/typ
e1/public/amsfonts/cm/cmsy10.pfb><C:/Users/user/AppData/Local/Programs/MiKTeX/f
onts/type1/urw/courier/ucrr8a.pfb><C:/Users/user/AppData/Local/Programs/MiKTeX/
fonts/type1/urw/times/utmb8a.pfb><C:/Users/user/AppData/Local/Programs/MiKTeX/f
onts/type1/urw/times/utmr8a.pfb><C:/Users/user/AppData/Local/Programs/MiKTeX/fo
nts/type1/urw/times/utmri8a.pfb>
Output written on "Template Report PSM.pdf" (184 pages, 10349406 bytes).
PDF statistics:
 713 PDF objects out of 1000 (max. 8388607)
 0 named destinations out of 1000 (max. 500000)
 302 words of extra memory for PDF output out of 10000 (max. 10000000)

